"Erika Alexander","List_of_people_from_Pennsylvania"
"Keith Andes","List_of_people_from_Pennsylvania"
"Gerald Anthony","List_of_people_from_Pennsylvania"
"Carmen Argenziano","List_of_people_from_Pennsylvania"
"Malcolm Atterbury","List_of_people_from_Pennsylvania"
"Frankie Avalon","List_of_people_from_Pennsylvania"
"Val Avery","List_of_people_from_Pennsylvania"
"Kevin Bacon","List_of_people_from_Pennsylvania"
"Brian Baker","List_of_people_from_Pennsylvania"
"Carroll Baker","List_of_people_from_Pennsylvania"
"Sue Ball","List_of_people_from_Pennsylvania"
"Mabel Ballin","List_of_people_from_Pennsylvania"
"George Bancroft","List_of_people_from_Pennsylvania"
"George Barbier","List_of_people_from_Pennsylvania"
"Vince Barnett","List_of_people_from_Pennsylvania"
"Eddie Barry","List_of_people_from_Pennsylvania"
"Ethel Barrymore","List_of_people_from_Pennsylvania"
"John Barrymore","List_of_people_from_Pennsylvania"
"Lionel Barrymore","List_of_people_from_Pennsylvania"
"Eddie Barth","List_of_people_from_Pennsylvania"
"Jessica Barth","List_of_people_from_Pennsylvania"
"Billy Barty","List_of_people_from_Pennsylvania"
"Blake Bashoff","List_of_people_from_Pennsylvania"
"Toni Basil","List_of_people_from_Pennsylvania"
"Victory Bateman","List_of_people_from_Pennsylvania"
"Henry Bean","List_of_people_from_Pennsylvania"
"Billy Beck","List_of_people_from_Pennsylvania"
"Laurie Beechman","List_of_people_from_Pennsylvania"
"Chris Beetem","List_of_people_from_Pennsylvania"
"Beth Behrs","List_of_people_from_Pennsylvania"
"Willam Belli","List_of_people_from_Pennsylvania"
"Maria Bello","List_of_people_from_Pennsylvania"
"Julie Benz","List_of_people_from_Pennsylvania"
"Jeff Bergman","List_of_people_from_Pennsylvania"
"Ed Bernard","List_of_people_from_Pennsylvania"
"Lyle Bettger","List_of_people_from_Pennsylvania"
"Marki Bey","List_of_people_from_Pennsylvania"
"Edward Binns","List_of_people_from_Pennsylvania"
"Joey Bishop","List_of_people_from_Pennsylvania"
"Larry Bishop","List_of_people_from_Pennsylvania"
"Janet Blair","List_of_people_from_Pennsylvania"
"Billy Blanks","List_of_people_from_Pennsylvania"
"Marc Blucas","List_of_people_from_Pennsylvania"
"Eleanor Boardman","List_of_people_from_Pennsylvania"
"Walter Bobbie","List_of_people_from_Pennsylvania"
"Rudy Bond","List_of_people_from_Pennsylvania"
"David Boreanaz","List_of_people_from_Pennsylvania"
"Elizabeth Crocker Bowers","List_of_people_from_Pennsylvania"
"Christian Bowman","List_of_people_from_Pennsylvania"
"Jim Boyd","List_of_people_from_Pennsylvania"
"Peter Boyle","List_of_people_from_Pennsylvania"
"Laura Breckenridge","List_of_people_from_Pennsylvania"
"El Brendel","List_of_people_from_Pennsylvania"
"David Brenner","List_of_people_from_Pennsylvania"
"Al Bridge","List_of_people_from_Pennsylvania"
"Fran Brill","List_of_people_from_Pennsylvania"
"Charles Bronson","List_of_people_from_Pennsylvania"
"Scott Martin Brooks","List_of_people_from_Pennsylvania"
"Robert Curtis Brown","List_of_people_from_Pennsylvania"
"Andrew Bryniarski","List_of_people_from_Pennsylvania"
"Bobby Burns","List_of_people_from_Pennsylvania"
"Edmund Burns","List_of_people_from_Pennsylvania"
"Steve Burns","List_of_people_from_Pennsylvania"
"Fritzi Burr","List_of_people_from_Pennsylvania"
"Clarissa Burt","List_of_people_from_Pennsylvania"
"Eugene Byrd","List_of_people_from_Pennsylvania"
"Alexandra Chando","List_of_people_from_Pennsylvania"
"Kitty Chen","List_of_people_from_Pennsylvania"
"Dennis Christopher","List_of_people_from_Pennsylvania"
"Brian Patrick Clarke","List_of_people_from_Pennsylvania"
"Caitlin Clarke","List_of_people_from_Pennsylvania"
"Lauren Cohan","List_of_people_from_Pennsylvania"
"Jack Coleman","List_of_people_from_Pennsylvania"
"Marc Connelly","List_of_people_from_Pennsylvania"
"Michael Constantine","List_of_people_from_Pennsylvania"
"Josh Cooke","List_of_people_from_Pennsylvania"
"Bradley Cooper","List_of_people_from_Pennsylvania"
"Ellen Corby","List_of_people_from_Pennsylvania"
"Bill Cosby","List_of_people_from_Pennsylvania"
"Michael Cornacchia","List_of_people_from_Pennsylvania"
"Dolores Costello","List_of_people_from_Pennsylvania"
"Maurice Costello","List_of_people_from_Pennsylvania"
"Erin Cottrell","List_of_people_from_Pennsylvania"
"Broderick Crawford","List_of_people_from_Pennsylvania"
"Rebecca Creskoff","List_of_people_from_Pennsylvania"
"Pat Crowley","List_of_people_from_Pennsylvania"
"Jon Daly","List_of_people_from_Pennsylvania"
"John Davidson","List_of_people_from_Pennsylvania"
"Ann B. Davis","List_of_people_from_Pennsylvania"
"Bruce Davison","List_of_people_from_Pennsylvania"
"John de Lancie","List_of_people_from_Pennsylvania"
"Kim Delaney","List_of_people_from_Pennsylvania"
"Kat Dennings","List_of_people_from_Pennsylvania"
"Joe DeRosa","List_of_people_from_Pennsylvania"
"Patti Deutsch","List_of_people_from_Pennsylvania"
"Devon","List_of_people_from_Pennsylvania"
"Mia Dillon","List_of_people_from_Pennsylvania"
"Jack Dodson","List_of_people_from_Pennsylvania"
"John Doman","List_of_people_from_Pennsylvania"
"Heather Donahue","List_of_people_from_Pennsylvania"
"Omar Doom","List_of_people_from_Pennsylvania"
"Ellen Albertini Dow","List_of_people_from_Pennsylvania"
"Lisa Eichhorn","List_of_people_from_Pennsylvania"
"Lisa Emery","List_of_people_from_Pennsylvania"
"Chip Esten","List_of_people_from_Pennsylvania"
"Barbara Feldon","List_of_people_from_Pennsylvania"
"Tina Fey","List_of_people_from_Pennsylvania"
"W.C. Fields","List_of_people_from_Pennsylvania"
"Larry Fine","List_of_people_from_Pennsylvania"
"Bette Ford","List_of_people_from_Pennsylvania"
"Meg Foster","List_of_people_from_Pennsylvania"
"Matthew Fox","List_of_people_from_Pennsylvania"
"Jonathan Frakes","List_of_people_from_Pennsylvania"
"Martin Gabel","List_of_people_from_Pennsylvania"
"Megan Gallagher","List_of_people_from_Pennsylvania"
"Kyle Gallner","List_of_people_from_Pennsylvania"
"Rita Gam","List_of_people_from_Pennsylvania"
"Billy Gardell","List_of_people_from_Pennsylvania"
"Janet Gaynor","List_of_people_from_Pennsylvania"
"Deborah Geffner","List_of_people_from_Pennsylvania"
"Richard Gere","List_of_people_from_Pennsylvania"
"Ileen Getz","List_of_people_from_Pennsylvania"
"Todd Glass","List_of_people_from_Pennsylvania"
"Scott Glenn","List_of_people_from_Pennsylvania"
"Jeff Goldblum","List_of_people_from_Pennsylvania"
"Eve Gordon","List_of_people_from_Pennsylvania"
"Frank Gorshin","List_of_people_from_Pennsylvania"
"Seth Green","List_of_people_from_Pennsylvania"
"Charles Grodin","List_of_people_from_Pennsylvania"
"Jonathan Groff","List_of_people_from_Pennsylvania"
"Kevin Peter Hall","List_of_people_from_Pennsylvania"
"Charles Hallahan","List_of_people_from_Pennsylvania"
"Veronica Hamel","List_of_people_from_Pennsylvania"
"Kevin Hart","List_of_people_from_Pennsylvania"
"Tim Heidecker","List_of_people_from_Pennsylvania"
"Sherman Hemsley","List_of_people_from_Pennsylvania"
"Lauren Holly","List_of_people_from_Pennsylvania"
"Gillian Jacobs","List_of_people_from_Pennsylvania"
"Anthony Jeselnik","List_of_people_from_Pennsylvania"
"Cherie Johnson","List_of_people_from_Pennsylvania"
"Clark Johnson","List_of_people_from_Pennsylvania"
"Russell Johnson","List_of_people_from_Pennsylvania"
"Johnny Jolin","List_of_people_from_Pennsylvania"
"Angela Jones","List_of_people_from_Pennsylvania"
"Shirley Jones","List_of_people_from_Pennsylvania"
"Mario Joyner","List_of_people_from_Pennsylvania"
"James Karen","List_of_people_from_Pennsylvania"
"Tim Kazurinsky","List_of_people_from_Pennsylvania"
"Staci Keanan","List_of_people_from_Pennsylvania"
"Michael Keaton","List_of_people_from_Pennsylvania"
"Sheila Kelley","List_of_people_from_Pennsylvania"
"Gene Kelly","List_of_people_from_Pennsylvania"
"Grace Kelly","List_of_people_from_Pennsylvania"
"Michael Kelly","List_of_people_from_Pennsylvania"
"Jamie Kennedy","List_of_people_from_Pennsylvania"
"Rya Kihlstedt","List_of_people_from_Pennsylvania"
"Daniel Dae Kim","List_of_people_from_Pennsylvania"
"Taylor Kinney","List_of_people_from_Pennsylvania"
"Jack Klugman","List_of_people_from_Pennsylvania"
"Eddie Korbich","List_of_people_from_Pennsylvania"
"Harley Jane Kozak","List_of_people_from_Pennsylvania"
"Jack Krizmanich","List_of_people_from_Pennsylvania"
"Liz Larsen","List_of_people_from_Pennsylvania"
"Andrew Lawrence","List_of_people_from_Pennsylvania"
"Joey Lawrence","List_of_people_from_Pennsylvania"
"Matthew Lawrence","List_of_people_from_Pennsylvania"
"Joshua Leonard","List_of_people_from_Pennsylvania"
"Richard LeParmentier","List_of_people_from_Pennsylvania"
"David Lewis","List_of_people_from_Pennsylvania"
"Gilbert Lewis","List_of_people_from_Pennsylvania"
"Christina Bennett Lind","List_of_people_from_Pennsylvania"
"Heather Lind","List_of_people_from_Pennsylvania"
"Jonathan Loughran","List_of_people_from_Pennsylvania"
"Beverly Lynne","List_of_people_from_Pennsylvania"
"Jeanette MacDonald","List_of_people_from_Pennsylvania"
"Aline MacMahon","List_of_people_from_Pennsylvania"
"Connor Maloney","List_of_people_from_Pennsylvania"
"Joe Manganiello","List_of_people_from_Pennsylvania"
"Jayne Mansfield","List_of_people_from_Pennsylvania"
"Bam Margera","List_of_people_from_Pennsylvania"
"Mark Margolis","List_of_people_from_Pennsylvania"
"Hugh Marlowe","List_of_people_from_Pennsylvania"
"Adoni Maropis","List_of_people_from_Pennsylvania"
"Joe Maross","List_of_people_from_Pennsylvania"
"Lynne Marta","List_of_people_from_Pennsylvania"
"Al Martino","List_of_people_from_Pennsylvania"
"Eric Martsolf","List_of_people_from_Pennsylvania"
"Jackie Mason","List_of_people_from_Pennsylvania"
"Mark Matkevich","List_of_people_from_Pennsylvania"
"Elaine May","List_of_people_from_Pennsylvania"
"Melanie Mayron","List_of_people_from_Pennsylvania"
"Mitzi McCall","List_of_people_from_Pennsylvania"
"Brooke McCarter","List_of_people_from_Pennsylvania"
"Paul McCrane","List_of_people_from_Pennsylvania"
"Ann McCrea","List_of_people_from_Pennsylvania"
"Mary McDonnell","List_of_people_from_Pennsylvania"
"Rob McElhenney","List_of_people_from_Pennsylvania"
"Joel McHale","List_of_people_from_Pennsylvania"
"Frank McHugh","List_of_people_from_Pennsylvania"
"Kate McNeil","List_of_people_from_Pennsylvania"
"Larry Mendte","List_of_people_from_Pennsylvania"
"Adolphe Menjou","List_of_people_from_Pennsylvania"
"Charles Meredith","List_of_people_from_Pennsylvania"
"Mary Lou Metzger","List_of_people_from_Pennsylvania"
"James A Michener","List_of_people_from_Pennsylvania"
"Kate Micucci","List_of_people_from_Pennsylvania"
"Vic Mignogna","List_of_people_from_Pennsylvania"
"R. A. Mihailoff","List_of_people_from_Pennsylvania"
"Dennis Miller","List_of_people_from_Pennsylvania"
"Jason Miller","List_of_people_from_Pennsylvania"
"Lara Jill Miller","List_of_people_from_Pennsylvania"
"Kristin Minter","List_of_people_from_Pennsylvania"
"Cameron Mitchell","List_of_people_from_Pennsylvania"
"Tom Mix","List_of_people_from_Pennsylvania"
"Katherine Moennig","List_of_people_from_Pennsylvania"
"Kelly Monaco","List_of_people_from_Pennsylvania"
"Pauline Moore","List_of_people_from_Pennsylvania"
"Jillian Murray","List_of_people_from_Pennsylvania"
"Kelly Neal","List_of_people_from_Pennsylvania"
"Irene Ng","List_of_people_from_Pennsylvania"
"Greg Nicotero","List_of_people_from_Pennsylvania"
"J. J. North","List_of_people_from_Pennsylvania"
"Jay Oakerson","List_of_people_from_Pennsylvania"
"Cheri Oteri","List_of_people_from_Pennsylvania"
"Jerry Orbach","List_of_people_from_Pennsylvania"
"Beth Ostrosky","List_of_people_from_Pennsylvania"
"Jack Palance","List_of_people_from_Pennsylvania"
"Stuart Pankin","List_of_people_from_Pennsylvania"
"Sydney Park","List_of_people_from_Pennsylvania"
"Adrian Pasdar","List_of_people_from_Pennsylvania"
"Steven Pasquale","List_of_people_from_Pennsylvania"
"Michele Pawk","List_of_people_from_Pennsylvania"
"Pamela Payton-Wright","List_of_people_from_Pennsylvania"
"Kelly Perine","List_of_people_from_Pennsylvania"
"Robert Picardo","List_of_people_from_Pennsylvania"
"Pink","List_of_people_from_Pennsylvania"
"Joel Polis","List_of_people_from_Pennsylvania"
"Jon Polito","List_of_people_from_Pennsylvania"
"William Powell","List_of_people_from_Pennsylvania"
"Robert Prosky","List_of_people_from_Pennsylvania"
"Zachary Quinto","List_of_people_from_Pennsylvania"
"James Rebhorn","List_of_people_from_Pennsylvania"
"Krysten Ritter","List_of_people_from_Pennsylvania"
"Erica Rivera","List_of_people_from_Pennsylvania"
"Keith Robinson","List_of_people_from_Pennsylvania"
"Holly Robinson-Peete","List_of_people_from_Pennsylvania"
"Daniel Roebuck","List_of_people_from_Pennsylvania"
"Fred Rogers","List_of_people_from_Pennsylvania"
"George A. Romero","List_of_people_from_Pennsylvania"
"Norman Rose","List_of_people_from_Pennsylvania"
"Zelda Rubinstein","List_of_people_from_Pennsylvania"
"Herbert Rudley","List_of_people_from_Pennsylvania"
"Bob Saget","List_of_people_from_Pennsylvania"
"Diane Salinger","List_of_people_from_Pennsylvania"
"Richard Sanders","List_of_people_from_Pennsylvania"
"Tom Savini","List_of_people_from_Pennsylvania"
"Jennifer Sciole","List_of_people_from_Pennsylvania"
"Lizabeth Scott","List_of_people_from_Pennsylvania"
"David O. Selznick","List_of_people_from_Pennsylvania"
"Amanda Seyfried","List_of_people_from_Pennsylvania"
"Craig Sheffer","List_of_people_from_Pennsylvania"
"M. Night Shyamalan","List_of_people_from_Pennsylvania"
"Penny Singleton","List_of_people_from_Pennsylvania"
"Emil Sitka","List_of_people_from_Pennsylvania"
"Jonathan Slavin","List_of_people_from_Pennsylvania"
"Kerr Smith","List_of_people_from_Pennsylvania"
"Will Smith","List_of_people_from_Pennsylvania"
"Dana Snyder","List_of_people_from_Pennsylvania"
"Timothy Stack","List_of_people_from_Pennsylvania"
"Robert Sterling","List_of_people_from_Pennsylvania"
"James Stewart","List_of_people_from_Pennsylvania"
"Sharon Stone","List_of_people_from_Pennsylvania"
"Joseph Sweeney","List_of_people_from_Pennsylvania"
"Christine Taylor","List_of_people_from_Pennsylvania"
"Holland Taylor","List_of_people_from_Pennsylvania"
"Teller","List_of_people_from_Pennsylvania"
"Miles Teller","List_of_people_from_Pennsylvania"
"Mary Testa","List_of_people_from_Pennsylvania"
"Jonathan Taylor Thomas","List_of_people_from_Pennsylvania"
"Paul F. Tompkins","List_of_people_from_Pennsylvania"
"William Tracy","List_of_people_from_Pennsylvania"
"Tom Verica","List_of_people_from_Pennsylvania"
"Mike Vogel","List_of_people_from_Pennsylvania"
"Brendon Walsh","List_of_people_from_Pennsylvania"
"Lisa Waltz","List_of_people_from_Pennsylvania"
"Eric Wareheim","List_of_people_from_Pennsylvania"
"Fritz Weaver","List_of_people_from_Pennsylvania"
"Michael Willis","List_of_people_from_Pennsylvania"
"Thomas F. Wilson","List_of_people_from_Pennsylvania"
"Danny Woodburn","List_of_people_from_Pennsylvania"
"Chris Young","List_of_people_from_Pennsylvania"
"Winter Ave Zoli","List_of_people_from_Pennsylvania"
"Julian Abele","List_of_people_from_Pennsylvania"
"Alice Aycock","List_of_people_from_Pennsylvania"
"Edmund Bacon","List_of_people_from_Pennsylvania"
"Paul Bartholomew","List_of_people_from_Pennsylvania"
"Karen Bausman","List_of_people_from_Pennsylvania"
"Alison Bechdel","List_of_people_from_Pennsylvania"
"Cecilia Beaux","List_of_people_from_Pennsylvania"
"Alexander Calder","List_of_people_from_Pennsylvania"
"Mary Cassatt","List_of_people_from_Pennsylvania"
"George Catlin","List_of_people_from_Pennsylvania"
"Stuart Davis","List_of_people_from_Pennsylvania"
"Charles Demuth","List_of_people_from_Pennsylvania"
"Steve Ditko","List_of_people_from_Pennsylvania"
"Thomas Eakins","List_of_people_from_Pennsylvania"
"William Glackens","List_of_people_from_Pennsylvania"
"Martha Graham","List_of_people_from_Pennsylvania"
"Keith Haring","List_of_people_from_Pennsylvania"
"Jerry Harris","List_of_people_from_Pennsylvania"
"William Stanley Haseltine","List_of_people_from_Pennsylvania"
"Mike Hawthorne","List_of_people_from_Pennsylvania"
"Martin Johnson Heade","List_of_people_from_Pennsylvania"
"Gelsey Kirkland","List_of_people_from_Pennsylvania"
"Franz Kline","List_of_people_from_Pennsylvania"
"Jeff Koons","List_of_people_from_Pennsylvania"
"Nate Lewis (artist)","List_of_people_from_Pennsylvania"
"Thaddeus Mosley","List_of_people_from_Pennsylvania"
"Alice Neel","List_of_people_from_Pennsylvania"
"Violet Oakley","List_of_people_from_Pennsylvania"
"Maxfield Parrish","List_of_people_from_Pennsylvania"
"Philip Pearlstein","List_of_people_from_Pennsylvania"
"Joseph Pennell","List_of_people_from_Pennsylvania"
"Man Ray","List_of_people_from_Pennsylvania"
"Charles Sheeler","List_of_people_from_Pennsylvania"
"Grover Simcox","List_of_people_from_Pennsylvania"
"John Sloan","List_of_people_from_Pennsylvania"
"Gary Mark Smith","List_of_people_from_Pennsylvania"
"Jeff Smith","List_of_people_from_Pennsylvania"
"Andy Warhol","List_of_people_from_Pennsylvania"
"Neil Welliver","List_of_people_from_Pennsylvania"
"Andrew Wyeth","List_of_people_from_Pennsylvania"
"Jamie Wyeth","List_of_people_from_Pennsylvania"
"N.C. Wyeth","List_of_people_from_Pennsylvania"
"Bunny Yeager","List_of_people_from_Pennsylvania"
"Jerome Apt","List_of_people_from_Pennsylvania"
"Guion S. Bluford","List_of_people_from_Pennsylvania"
"Pete Conrad","List_of_people_from_Pennsylvania"
"Michael Fincke","List_of_people_from_Pennsylvania"
"Theodore Freeman","List_of_people_from_Pennsylvania"
"Terry Hart","List_of_people_from_Pennsylvania"
"James Irwin","List_of_people_from_Pennsylvania"
"Glynn Lunney","List_of_people_from_Pennsylvania"
"David Medved","List_of_people_from_Pennsylvania"
"Paul W. Richards","List_of_people_from_Pennsylvania"
"Patricia Hilliard Robertson","List_of_people_from_Pennsylvania"
"Daniel M. Tani","List_of_people_from_Pennsylvania"
"Joseph A. Walker","List_of_people_from_Pennsylvania"
"Paul J. Weitz","List_of_people_from_Pennsylvania"
"John Abramovic","List_of_people_from_Pennsylvania"
"Cal Abrams","List_of_people_from_Pennsylvania"
"Matt Adams","List_of_people_from_Pennsylvania"
"Herb Adderley","List_of_people_from_Pennsylvania"
"Eddie Alvarez","List_of_people_from_Pennsylvania"
"Rubén Amaro Jr.","List_of_people_from_Pennsylvania"
"Joe Amato","List_of_people_from_Pennsylvania"
"John Andretti","List_of_people_from_Pennsylvania"
"Marco Andretti","List_of_people_from_Pennsylvania"
"Michael Andretti","List_of_people_from_Pennsylvania"
"Kurt Angle","List_of_people_from_Pennsylvania"
"Paul Arizin","List_of_people_from_Pennsylvania"
"LaVar Arrington","List_of_people_from_Pennsylvania"
"Cameron Artis-Payne","List_of_people_from_Pennsylvania"
"Al Babartsky","List_of_people_from_Pennsylvania"
"Bob Babich","List_of_people_from_Pennsylvania"
"Kayla Bashore","List_of_people_from_Pennsylvania"
"Ralph Baker","List_of_people_from_Pennsylvania"
"Saquon Barkley","List_of_people_from_Pennsylvania"
"Charlie Batch","List_of_people_from_Pennsylvania"
"William Beatty","List_of_people_from_Pennsylvania"
"Aaron Beasley","List_of_people_from_Pennsylvania"
"Joe Beimel","List_of_people_from_Pennsylvania"
"Stan Belinda","List_of_people_from_Pennsylvania"
"Bert Bell","List_of_people_from_Pennsylvania"
"Brad Benson","List_of_people_from_Pennsylvania"
"Norm Benning","List_of_people_from_Pennsylvania"
"Jesse Biddle","List_of_people_from_Pennsylvania"
"Fred Biletnikoff","List_of_people_from_Pennsylvania"
"Steve Bilko","List_of_people_from_Pennsylvania"
"Adam Bisnowaty","List_of_people_from_Pennsylvania"
"Steve Blackman","List_of_people_from_Pennsylvania"
"DeJuan Blair","List_of_people_from_Pennsylvania"
"George Blanda","List_of_people_from_Pennsylvania"
"Sam Bowie","List_of_people_from_Pennsylvania"
"Jerry Boyarsky","List_of_people_from_Pennsylvania"
"Kyle Brady","List_of_people_from_Pennsylvania"
"Sid Bream","List_of_people_from_Pennsylvania"
"Steve Breaston","List_of_people_from_Pennsylvania"
"Tom Brookens","List_of_people_from_Pennsylvania"
"Corey Brown","List_of_people_from_Pennsylvania"
"Gary Brown","List_of_people_from_Pennsylvania"
"John Brown","List_of_people_from_Pennsylvania"
"Philly Brown","List_of_people_from_Pennsylvania"
"Scott Brunner","List_of_people_from_Pennsylvania"
"Kobe Bryant","List_of_people_from_Pennsylvania"
"Taylor Buchholz","List_of_people_from_Pennsylvania"
"Ryan Buchter","List_of_people_from_Pennsylvania"
"Marc Bulger","List_of_people_from_Pennsylvania"
"Leroy Burrell","List_of_people_from_Pennsylvania"
"Rasual Butler","List_of_people_from_Pennsylvania"
"Alex Cabrera","List_of_people_from_Pennsylvania"
"Ray Caldwell","List_of_people_from_Pennsylvania"
"John Calipari","List_of_people_from_Pennsylvania"
"Roy Campanella","List_of_people_from_Pennsylvania"
"Russ Canzler","List_of_people_from_Pennsylvania"
"John Cappelletti","List_of_people_from_Pennsylvania"
"P. J. Carlesimo","List_of_people_from_Pennsylvania"
"Pete Carril","List_of_people_from_Pennsylvania"
"Matt Carroll","List_of_people_from_Pennsylvania"
"Len Chappell","List_of_people_from_Pennsylvania"
"Wilt Chamberlain","List_of_people_from_Pennsylvania"
"Barry Church","List_of_people_from_Pennsylvania"
"Nestor Chylak","List_of_people_from_Pennsylvania"
"Bruce Clark","List_of_people_from_Pennsylvania"
"Colby Cohen","List_of_people_from_Pennsylvania"
"Jake Cohen","List_of_people_from_Pennsylvania"
"Julia Cohen","List_of_people_from_Pennsylvania"
"Billy Conn","List_of_people_from_Pennsylvania"
"James Conner","List_of_people_from_Pennsylvania"
"Harry Coveleski","List_of_people_from_Pennsylvania"
"Stan Coveleski","List_of_people_from_Pennsylvania"
"Fran Crippen","List_of_people_from_Pennsylvania"
"Maddy Crippen","List_of_people_from_Pennsylvania"
"Tom Clements","List_of_people_from_Pennsylvania"
"Gary Collins","List_of_people_from_Pennsylvania"
"Joe Collins","List_of_people_from_Pennsylvania"
"Kerry Collins","List_of_people_from_Pennsylvania"
"Marques Colston","List_of_people_from_Pennsylvania"
"Dan Conners","List_of_people_from_Pennsylvania"
"Dan Connor","List_of_people_from_Pennsylvania"
"Mark Corey","List_of_people_from_Pennsylvania"
"Mike Costanzo","List_of_people_from_Pennsylvania"
"Jim Covert","List_of_people_from_Pennsylvania"
"Bill Cowher","List_of_people_from_Pennsylvania"
"Billy Cox","List_of_people_from_Pennsylvania"
"Mike Cox","List_of_people_from_Pennsylvania"
"Channing Crowder","List_of_people_from_Pennsylvania"
"Chris Culliver","List_of_people_from_Pennsylvania"
"Chuck Daly","List_of_people_from_Pennsylvania"
"Bob Davie","List_of_people_from_Pennsylvania"
"Ernie Davis","List_of_people_from_Pennsylvania"
"Phil Davis","List_of_people_from_Pennsylvania"
"Darrell Dess","List_of_people_from_Pennsylvania"
"James Develin","List_of_people_from_Pennsylvania"
"Dorin Dickerson","List_of_people_from_Pennsylvania"
"Keir Dillon","List_of_people_from_Pennsylvania"
"Mike Ditka","List_of_people_from_Pennsylvania"
"Tim Donaghy","List_of_people_from_Pennsylvania"
"Aaron Donald","List_of_people_from_Pennsylvania"
"Keith Dorney","List_of_people_from_Pennsylvania"
"Tony Dorsett","List_of_people_from_Pennsylvania"
"Forrest "Jap" Douds","List_of_people_from_Pennsylvania"
"Shane Douglas","List_of_people_from_Pennsylvania"
"Jeff Dugan","List_of_people_from_Pennsylvania"
"Pete Duranko","List_of_people_from_Pennsylvania"
"Jimmy Dykes","List_of_people_from_Pennsylvania"
"Bill Eadie","List_of_people_from_Pennsylvania"
"Kyle Eckel","List_of_people_from_Pennsylvania"
"Josh Edgin","List_of_people_from_Pennsylvania"
"Wayne Ellington","List_of_people_from_Pennsylvania"
"Cody Eppley","List_of_people_from_Pennsylvania"
"Jahri Evans","List_of_people_from_Pennsylvania"
"Tyreke Evans","List_of_people_from_Pennsylvania"
"Tim Federowicz","List_of_people_from_Pennsylvania"
"Bill Ferrario","List_of_people_from_Pennsylvania"
"Randy Fichtner","List_of_people_from_Pennsylvania"
"Frank Filchock","List_of_people_from_Pennsylvania"
"Pat Flaherty","List_of_people_from_Pennsylvania"
"Andre Fluellen","List_of_people_from_Pennsylvania"
"Tom Flynn","List_of_people_from_Pennsylvania"
"Nellie Fox","List_of_people_from_Pennsylvania"
"Terry Francona","List_of_people_from_Pennsylvania"
"Tito Francona","List_of_people_from_Pennsylvania"
"John Frank","List_of_people_from_Pennsylvania"
"Buck Freeman","List_of_people_from_Pennsylvania"
"Gus Frerotte","List_of_people_from_Pennsylvania"
"Jim Furyk","List_of_people_from_Pennsylvania"
"Rich Gannon","List_of_people_from_Pennsylvania"
"Ryan Garko","List_of_people_from_Pennsylvania"
"Jason Garrett","List_of_people_from_Pennsylvania"
"John Garrett","List_of_people_from_Pennsylvania"
"Eddie George","List_of_people_from_Pennsylvania"
"Sean Gilbert","List_of_people_from_Pennsylvania"
"Armen Gilliam","List_of_people_from_Pennsylvania"
"Garry Gilliam","List_of_people_from_Pennsylvania"
"Kimberly Glass","List_of_people_from_Pennsylvania"
"Tom Gola","List_of_people_from_Pennsylvania"
"Robbie Gould","List_of_people_from_Pennsylvania"
"Bruce Gradkowski","List_of_people_from_Pennsylvania"
"Gino Gradkowski","List_of_people_from_Pennsylvania"
"Aaron Gray","List_of_people_from_Pennsylvania"
"Dick Gray","List_of_people_from_Pennsylvania"
"Al Gionfriddo","List_of_people_from_Pennsylvania"
"Ken Griffey Jr.","List_of_people_from_Pennsylvania"
"Ken Griffey Sr.","List_of_people_from_Pennsylvania"
"Russ Grimm","List_of_people_from_Pennsylvania"
"Dick Groat","List_of_people_from_Pennsylvania"
"Randy Grossman","List_of_people_from_Pennsylvania"
"Peter Gruner","List_of_people_from_Pennsylvania"
"Brandon Guyer","List_of_people_from_Pennsylvania"
"Jack Ham","List_of_people_from_Pennsylvania"
"Richard Hamilton","List_of_people_from_Pennsylvania"
"Brendan Hansen","List_of_people_from_Pennsylvania"
"Marvin Harrison","List_of_people_from_Pennsylvania"
"Ray Harroun","List_of_people_from_Pennsylvania"
"Leon Hart","List_of_people_from_Pennsylvania"
"Jim Haslett","List_of_people_from_Pennsylvania"
"Andrew Hawkins","List_of_people_from_Pennsylvania"
"Artrell Hawkins","List_of_people_from_Pennsylvania"
"Don Heffner","List_of_people_from_Pennsylvania"
"Chris Heisey","List_of_people_from_Pennsylvania"
"Gerald Henderson Jr.","List_of_people_from_Pennsylvania"
"Chad Henne","List_of_people_from_Pennsylvania"
"Tom Herr","List_of_people_from_Pennsylvania"
"Mark Herzlich","List_of_people_from_Pennsylvania"
"Cameron Heyward","List_of_people_from_Pennsylvania"
"Eric Hicks","List_of_people_from_Pennsylvania"
"Jordan Hill","List_of_people_from_Pennsylvania"
"Shawn Hillegas","List_of_people_from_Pennsylvania"
"Al Holbert","List_of_people_from_Pennsylvania"
"Larry Holmes","List_of_people_from_Pennsylvania"
"J. J. Hoover","List_of_people_from_Pennsylvania"
"Bernard Hopkins","List_of_people_from_Pennsylvania"
"Jeff Hostetler","List_of_people_from_Pennsylvania"
"Art Howe","List_of_people_from_Pennsylvania"
"Gene Huey","List_of_people_from_Pennsylvania"
"Henry Hynoski","List_of_people_from_Pennsylvania"
"Jerald Ingram","List_of_people_from_Pennsylvania"
"Qadry Ismail","List_of_people_from_Pennsylvania"
"Raghib Ismail","List_of_people_from_Pennsylvania"
"Marc Jackson","List_of_people_from_Pennsylvania"
"Marlin Jackson","List_of_people_from_Pennsylvania"
"Reggie Jackson","List_of_people_from_Pennsylvania"
"Brook Jacoby","List_of_people_from_Pennsylvania"
"Hughie Jennings","List_of_people_from_Pennsylvania"
"Larry Johnson","List_of_people_from_Pennsylvania"
"Derrick Jones Jr.","List_of_people_from_Pennsylvania"
"Eddie Jones","List_of_people_from_Pennsylvania"
"Kevin Jones","List_of_people_from_Pennsylvania"
"Sage Karam","List_of_people_from_Pennsylvania"
"George Karl","List_of_people_from_Pennsylvania"
"Nate Karns","List_of_people_from_Pennsylvania"
"Don Kelly","List_of_people_from_Pennsylvania"
"Jim Kelly","List_of_people_from_Pennsylvania"
"Pat Kelly","List_of_people_from_Pennsylvania"
"Ray Kemp","List_of_people_from_Pennsylvania"
"Billy Kidman","List_of_people_from_Pennsylvania"
"Ethan Kilmer","List_of_people_from_Pennsylvania"
"Bucko Kilroy","List_of_people_from_Pennsylvania"
"Betsy King","List_of_people_from_Pennsylvania"
"Steve Kline","List_of_people_from_Pennsylvania"
"Dan Koppen","List_of_people_from_Pennsylvania"
"Josh Koscheck","List_of_people_from_Pennsylvania"
"Kristy Kowal","List_of_people_from_Pennsylvania"
"Bruce Kozerski","List_of_people_from_Pennsylvania"
"Erik Kratz","List_of_people_from_Pennsylvania"
"John Kuhn","List_of_people_from_Pennsylvania"
"Floyd Landis","List_of_people_from_Pennsylvania"
"Tom Lasorda","List_of_people_from_Pennsylvania"
"Ty Law","List_of_people_from_Pennsylvania"
"Sean Lee","List_of_people_from_Pennsylvania"
"Don LeJohn","List_of_people_from_Pennsylvania"
"Matt Lengel","List_of_people_from_Pennsylvania"
"Chad Levitt","List_of_people_from_Pennsylvania"
"Dion Lewis","List_of_people_from_Pennsylvania"
"Grant Lewis","List_of_people_from_Pennsylvania"
"Ralph Lewis","List_of_people_from_Pennsylvania"
"Tara Lipinski","List_of_people_from_Pennsylvania"
"Kyle Lowry","List_of_people_from_Pennsylvania"
"Maurice Lucas","List_of_people_from_Pennsylvania"
"Johnny Lujack","List_of_people_from_Pennsylvania"
"Joe Maddon","List_of_people_from_Pennsylvania"
"Brooke Makler","List_of_people_from_Pennsylvania"
"Paul Makler Jr.","List_of_people_from_Pennsylvania"
"Paul Makler Sr.","List_of_people_from_Pennsylvania"
"Ryan Malone","List_of_people_from_Pennsylvania"
"Greg Manusky","List_of_people_from_Pennsylvania"
"Bam Margera","List_of_people_from_Pennsylvania"
"Pete Maravich","List_of_people_from_Pennsylvania"
"Dan Marino","List_of_people_from_Pennsylvania"
"Brandon Marshall","List_of_people_from_Pennsylvania"
"Donyell Marshall","List_of_people_from_Pennsylvania"
"Tim Masthay","List_of_people_from_Pennsylvania"
"Christy Mathewson","List_of_people_from_Pennsylvania"
"Michael R. Matz","List_of_people_from_Pennsylvania"
"Pat McAfee","List_of_people_from_Pennsylvania"
"Matt McBride","List_of_people_from_Pennsylvania"
"Ed McCaffrey","List_of_people_from_Pennsylvania"
"Joe McCarthy","List_of_people_from_Pennsylvania"
"Mike McCarthy","List_of_people_from_Pennsylvania"
"John J. McDermott","List_of_people_from_Pennsylvania"
"Jameel McClain","List_of_people_from_Pennsylvania"
"Robert McClain","List_of_people_from_Pennsylvania"
"LeSean McCoy","List_of_people_from_Pennsylvania"
"Mike McCoy","List_of_people_from_Pennsylvania"
"Muffet McGraw","List_of_people_from_Pennsylvania"
"Aaron Mckie","List_of_people_from_Pennsylvania"
"Josephine McKim","List_of_people_from_Pennsylvania"
"Brandon McManus","List_of_people_from_Pennsylvania"
"Rocco Mediate","List_of_people_from_Pennsylvania"
"Mike Mentzer","List_of_people_from_Pennsylvania"
"Devin Mesoraco","List_of_people_from_Pennsylvania"
"Lou Michaels","List_of_people_from_Pennsylvania"
"Walt Michaels","List_of_people_from_Pennsylvania"
"Matt Millen","List_of_people_from_Pennsylvania"
"Eric Milton","List_of_people_from_Pennsylvania"
"Cuttino Mobley","List_of_people_from_Pennsylvania"
"Earl Monroe","List_of_people_from_Pennsylvania"
"Joe Montana","List_of_people_from_Pennsylvania"
"Nick Moody","List_of_people_from_Pennsylvania"
"Charles Morgan","List_of_people_from_Pennsylvania"
"Lenny Moore","List_of_people_from_Pennsylvania"
"Michael Moorer","List_of_people_from_Pennsylvania"
"Marcus Morris","List_of_people_from_Pennsylvania"
"Markieff Morris","List_of_people_from_Pennsylvania"
"Mercury Morris","List_of_people_from_Pennsylvania"
"Jamie Moyer","List_of_people_from_Pennsylvania"
"Terry Mulholland","List_of_people_from_Pennsylvania"
"Mike Munchak","List_of_people_from_Pennsylvania"
"Ryan Mundy","List_of_people_from_Pennsylvania"
"James Mungro","List_of_people_from_Pennsylvania"
"Flip Murray","List_of_people_from_Pennsylvania"
"Stan Musial","List_of_people_from_Pennsylvania"
"Mike Mussina","List_of_people_from_Pennsylvania"
"Joe Namath","List_of_people_from_Pennsylvania"
"Ryan Nassib","List_of_people_from_Pennsylvania"
"Jameer Nelson","List_of_people_from_Pennsylvania"
"Lucas Nix","List_of_people_from_Pennsylvania"
"Jordan Norwood","List_of_people_from_Pennsylvania"
"Marty Nothstein","List_of_people_from_Pennsylvania"
"Jared Odrick","List_of_people_from_Pennsylvania"
"Bo Orlando","List_of_people_from_Pennsylvania"
"Joe Ostrowski","List_of_people_from_Pennsylvania"
"Doug Overton","List_of_people_from_Pennsylvania"
"Billy Owens","List_of_people_from_Pennsylvania"
"Arnold Palmer","List_of_people_from_Pennsylvania"
"George Parros","List_of_people_from_Pennsylvania"
"Sean Payton","List_of_people_from_Pennsylvania"
"Todd Peck","List_of_people_from_Pennsylvania"
"Corey Peters","List_of_people_from_Pennsylvania"
"Mike Piazza","List_of_people_from_Pennsylvania"
"Bernard Pierce","List_of_people_from_Pennsylvania"
"Jason Pinkston","List_of_people_from_Pennsylvania"
"Lousaka Polite","List_of_people_from_Pennsylvania"
"Paul Posluszny","List_of_people_from_Pennsylvania"
"Abner Charles Powell","List_of_people_from_Pennsylvania"
"Terrelle Pryor","List_of_people_from_Pennsylvania"
"Justin Pugh","List_of_people_from_Pennsylvania"
"Christian Pulisic","List_of_people_from_Pennsylvania"
"Andre Reed","List_of_people_from_Pennsylvania"
"Dylan Reese","List_of_people_from_Pennsylvania"
"Frank Reich","List_of_people_from_Pennsylvania"
"Nolan Reimold","List_of_people_from_Pennsylvania"
"Nicole Reinhart","List_of_people_from_Pennsylvania"
"Darrelle Revis","List_of_people_from_Pennsylvania"
"Mike Richter","List_of_people_from_Pennsylvania"
"Garth Rickards","List_of_people_from_Pennsylvania"
"Adam Rippon","List_of_people_from_Pennsylvania"
"Jon Ritchie","List_of_people_from_Pennsylvania"
"Bill Robinson","List_of_people_from_Pennsylvania"
"Ed Roebuck","List_of_people_from_Pennsylvania"
"Malik Rose","List_of_people_from_Pennsylvania"
"Mike Rosenthal","List_of_people_from_Pennsylvania"
"Tim Ruddy","List_of_people_from_Pennsylvania"
"Bobby Ryan","List_of_people_from_Pennsylvania"
"Matt Ryan","List_of_people_from_Pennsylvania"
"Brandon Saad","List_of_people_from_Pennsylvania"
"Jack Sack","List_of_people_from_Pennsylvania"
"John Salmons","List_of_people_from_Pennsylvania"
"Bruno Sammartino","List_of_people_from_Pennsylvania"
"Bob Sanders","List_of_people_from_Pennsylvania"
"Jerry Sandusky","List_of_people_from_Pennsylvania"
"Carl Sawatski","List_of_people_from_Pennsylvania"
"Matt Schaub","List_of_people_from_Pennsylvania"
"Brian Schneider","List_of_people_from_Pennsylvania"
"Marty Schottenheimer","List_of_people_from_Pennsylvania"
"Mike Scioscia","List_of_people_from_Pennsylvania"
"Da'Rel Scott","List_of_people_from_Pennsylvania"
"Vic Seixas","List_of_people_from_Pennsylvania"
"Mustafa Shakur","List_of_people_from_Pennsylvania"
"Bobby Shantz","List_of_people_from_Pennsylvania"
"Kirk Shelmerdine","List_of_people_from_Pennsylvania"
"Jean Shiley","List_of_people_from_Pennsylvania"
"Dick Shiner","List_of_people_from_Pennsylvania"
"A. Q. Shipley","List_of_people_from_Pennsylvania"
"Tom Skladany","List_of_people_from_Pennsylvania"
"Greg Skrepenak","List_of_people_from_Pennsylvania"
"Steve Slaton","List_of_people_from_Pennsylvania"
"Kevin Slowey","List_of_people_from_Pennsylvania"
"Musa Smith","List_of_people_from_Pennsylvania"
"Garrett Smithley","List_of_people_from_Pennsylvania"
"Gene Snitsky","List_of_people_from_Pennsylvania"
"Jimmy Spencer","List_of_people_from_Pennsylvania"
"Shawntae Spencer","List_of_people_from_Pennsylvania"
"Eddie Stanky","List_of_people_from_Pennsylvania"
"Larod Stephens-Howling","List_of_people_from_Pennsylvania"
"Mark Stepnoski","List_of_people_from_Pennsylvania"
"Tony Stewart","List_of_people_from_Pennsylvania"
"Devin Street","List_of_people_from_Pennsylvania"
"Big John Studd","List_of_people_from_Pennsylvania"
"Joe Stydahar","List_of_people_from_Pennsylvania"
"Matt Suhey","List_of_people_from_Pennsylvania"
"Bob Sura","List_of_people_from_Pennsylvania"
"Bruce Sutter","List_of_people_from_Pennsylvania"
"Chuck Tanner","List_of_people_from_Pennsylvania"
"Jason Taylor","List_of_people_from_Pennsylvania"
"Walter Tewksbury","List_of_people_from_Pennsylvania"
"Jaimie Thomas","List_of_people_from_Pennsylvania"
"Myles Thomas","List_of_people_from_Pennsylvania"
"Carol Semple Thompson","List_of_people_from_Pennsylvania"
"Jim Thorpe","List_of_people_from_Pennsylvania"
"Jim Tomsula","List_of_people_from_Pennsylvania"
"Wallace Triplett","List_of_people_from_Pennsylvania"
"Charley Trippi","List_of_people_from_Pennsylvania"
"Bob Tucker","List_of_people_from_Pennsylvania"
"Emlen Tunnell","List_of_people_from_Pennsylvania"
"R.J. Umberger","List_of_people_from_Pennsylvania"
"Johnny Unitas","List_of_people_from_Pennsylvania"
"Mickey Vernon","List_of_people_from_Pennsylvania"
"Iosif Vitebskiy","List_of_people_from_Pennsylvania"
"Honus Wagner","List_of_people_from_Pennsylvania"
"Dion Waiters","List_of_people_from_Pennsylvania"
"Christian Walker","List_of_people_from_Pennsylvania"
"Neil Walker","List_of_people_from_Pennsylvania"
"Art Wall Jr.","List_of_people_from_Pennsylvania"
"Rasheed Wallace","List_of_people_from_Pennsylvania"
"Ed Walsh","List_of_people_from_Pennsylvania"
"Joe Walton","List_of_people_from_Pennsylvania"
"Hakim Warrick","List_of_people_from_Pennsylvania"
"Earl Watford","List_of_people_from_Pennsylvania"
"Kenny Watson","List_of_people_from_Pennsylvania"
"Ricky Watters","List_of_people_from_Pennsylvania"
"Reggie Wells","List_of_people_from_Pennsylvania"
"Johnny Weir","List_of_people_from_Pennsylvania"
"Randy White","List_of_people_from_Pennsylvania"
"Brian Williams","List_of_people_from_Pennsylvania"
"Lauryn Williams","List_of_people_from_Pennsylvania"
"Josh Wilson","List_of_people_from_Pennsylvania"
"Kris Wilson","List_of_people_from_Pennsylvania"
"Coy Wire","List_of_people_from_Pennsylvania"
"Stefen Wisniewski","List_of_people_from_Pennsylvania"
"Lee Woodall","List_of_people_from_Pennsylvania"
"Tom Woodeshick","List_of_people_from_Pennsylvania"
"John Woodruff","List_of_people_from_Pennsylvania"
"Blidi Wreh-Wilson","List_of_people_from_Pennsylvania"
"Frank Wycheck","List_of_people_from_Pennsylvania"
"Jack Zduriencik","List_of_people_from_Pennsylvania"
"Edward Abbey","List_of_people_from_Pennsylvania"
"Louisa May Alcott","List_of_people_from_Pennsylvania"
"Lloyd Alexander","List_of_people_from_Pennsylvania"
"George Anastasia","List_of_people_from_Pennsylvania"
"Poul Anderson","List_of_people_from_Pennsylvania"
"Janet Asimov","List_of_people_from_Pennsylvania"
"Samuel Barber","List_of_people_from_Pennsylvania"
"Donald Barthelme","List_of_people_from_Pennsylvania"
"Ellen Bass","List_of_people_from_Pennsylvania"
"John Batchelor","List_of_people_from_Pennsylvania"
"Stan and Jan Berenstain","List_of_people_from_Pennsylvania"
"Ben Bova","List_of_people_from_Pennsylvania"
"Pearl S. Buck","List_of_people_from_Pennsylvania"
"Charles Brockden Brown","List_of_people_from_Pennsylvania"
"Bebe Moore Campbell","List_of_people_from_Pennsylvania"
"Rachel Carson","List_of_people_from_Pennsylvania"
"Stephen Chbosky","List_of_people_from_Pennsylvania"
"Marc Connelly","List_of_people_from_Pennsylvania"
"Margaret Deland","List_of_people_from_Pennsylvania"
"Annie Dillard","List_of_people_from_Pennsylvania"
"Tristan Egolf","List_of_people_from_Pennsylvania"
"Robert Fagles","List_of_people_from_Pennsylvania"
"Stephen Flaherty","List_of_people_from_Pennsylvania"
"Harvey Flink","List_of_people_from_Pennsylvania"
"Tom Flynn","List_of_people_from_Pennsylvania"
"Nancy Friday","List_of_people_from_Pennsylvania"
"David Fulmer","List_of_people_from_Pennsylvania"
"Todd Gallagher","List_of_people_from_Pennsylvania"
"Walter B. Gibson","List_of_people_from_Pennsylvania"
"Jim Goad","List_of_people_from_Pennsylvania"
"H.D.","List_of_people_from_Pennsylvania"
"Oscar Hammerstein II","List_of_people_from_Pennsylvania"
"Kristin Hunter","List_of_people_from_Pennsylvania"
"Robert T. Jeschonek","List_of_people_from_Pennsylvania"
"Kait Kerrigan","List_of_people_from_Pennsylvania"
"Dean Koontz","List_of_people_from_Pennsylvania"
"David Leavitt","List_of_people_from_Pennsylvania"
"Brian Lowdermilk","List_of_people_from_Pennsylvania"
"John D. MacDonald","List_of_people_from_Pennsylvania"
"David McCullough","List_of_people_from_Pennsylvania"
"Henry Meyer","List_of_people_from_Pennsylvania"
"James A. Michener","List_of_people_from_Pennsylvania"
"Jason Miller","List_of_people_from_Pennsylvania"
"James Morrow","List_of_people_from_Pennsylvania"
"Lance Morrow","List_of_people_from_Pennsylvania"
"John O'Hara","List_of_people_from_Pennsylvania"
"Ralph Peters","List_of_people_from_Pennsylvania"
"Robert W. Peterson","List_of_people_from_Pennsylvania"
"Darryl Ponicsan","List_of_people_from_Pennsylvania"
"Ezra Pound","List_of_people_from_Pennsylvania"
"Conrad Richter","List_of_people_from_Pennsylvania"
"Mary Rinehart","List_of_people_from_Pennsylvania"
"Lisa Scottoline","List_of_people_from_Pennsylvania"
"Sara Shepard","List_of_people_from_Pennsylvania"
"Martin Cruz Smith","List_of_people_from_Pennsylvania"
"Stephen Sondheim","List_of_people_from_Pennsylvania"
"Jerry Spinelli","List_of_people_from_Pennsylvania"
"Jerry Stahl","List_of_people_from_Pennsylvania"
"Gertrude Stein","List_of_people_from_Pennsylvania"
"Gerald Stern","List_of_people_from_Pennsylvania"
"Wallace Stevens","List_of_people_from_Pennsylvania"
"Ida Tarbell","List_of_people_from_Pennsylvania"
"John Updike","List_of_people_from_Pennsylvania"
"Judith Vollmer","List_of_people_from_Pennsylvania"
"Lauren Weisberger","List_of_people_from_Pennsylvania"
"John Edgar Wideman","List_of_people_from_Pennsylvania"
"Marianne Wiggins","List_of_people_from_Pennsylvania"
"August Wilson","List_of_people_from_Pennsylvania"
"Owen Wister","List_of_people_from_Pennsylvania"
"Jeffrey Zaslow","List_of_people_from_Pennsylvania"
"Calvin Ziegler","List_of_people_from_Pennsylvania"
"Scott Aaronson","List_of_people_from_Pennsylvania"
"John Backus","List_of_people_from_Pennsylvania"
"David A. Bader","List_of_people_from_Pennsylvania"
"Brendan Eich","List_of_people_from_Pennsylvania"
"Martin Charles Golumbic","List_of_people_from_Pennsylvania"
"Emil Grosswald","List_of_people_from_Pennsylvania"
"Chad Hurley","List_of_people_from_Pennsylvania"
"Alan Kotok","List_of_people_from_Pennsylvania"
"Michael L. Littman","List_of_people_from_Pennsylvania"
"Alan Perlis","List_of_people_from_Pennsylvania"
"Hilary Putnam","List_of_people_from_Pennsylvania"
"Jeffrey Shallit","List_of_people_from_Pennsylvania"
"George Stibitz","List_of_people_from_Pennsylvania"
"E. Roy Weintraub","List_of_people_from_Pennsylvania"
"Rachel Carson","List_of_people_from_Pennsylvania"
"Paul R. Ehrlich","List_of_people_from_Pennsylvania"
"Major Israel McCreight","List_of_people_from_Pennsylvania"
"Inky Moore","List_of_people_from_Pennsylvania"
"Joseph Rothrock","List_of_people_from_Pennsylvania"
"Mumia Abu-Jamal","List_of_people_from_Pennsylvania"
"George Banks","List_of_people_from_Pennsylvania"
"Richard Baumhammers","List_of_people_from_Pennsylvania"
"Angelo Bruno","List_of_people_from_Pennsylvania"
"Andrew Thomas DelGiorno","List_of_people_from_Pennsylvania"
"Mickey Duffy","List_of_people_from_Pennsylvania"
"Ira Einhorn","List_of_people_from_Pennsylvania"
"Caleb Fairley","List_of_people_from_Pennsylvania"
"George Feigley","List_of_people_from_Pennsylvania"
"Eric Frein","List_of_people_from_Pennsylvania"
"Kermit Gosnell","List_of_people_from_Pennsylvania"
"Gary M. Heidnik","List_of_people_from_Pennsylvania"
"Maxie "Boo Boo" Hoff","List_of_people_from_Pennsylvania"
"Eddie James","List_of_people_from_Pennsylvania"
"Joseph Kallinger","List_of_people_from_Pennsylvania"
"Timothy Krajcir","List_of_people_from_Pennsylvania"
"Alec Devon Kreider","List_of_people_from_Pennsylvania"
"Ignatius Lanzetta","List_of_people_from_Pennsylvania"
"Leo Lanzetta","List_of_people_from_Pennsylvania"
"Joey Merlino","List_of_people_from_Pennsylvania"
"Charles Carl Roberts","List_of_people_from_Pennsylvania"
"Jerry Sandusky","List_of_people_from_Pennsylvania"
"Sundance Kid","List_of_people_from_Pennsylvania"
"Philip Testa","List_of_people_from_Pennsylvania"
"Salvatore Testa","List_of_people_from_Pennsylvania"
"Robert Balling","List_of_people_from_Pennsylvania"
"Derek Bok","List_of_people_from_Pennsylvania"
"Harold W. Dodds","List_of_people_from_Pennsylvania"
"Thomas Messinger Drown","List_of_people_from_Pennsylvania"
"C. Clement French","List_of_people_from_Pennsylvania"
"Thomas F. George","List_of_people_from_Pennsylvania"
"Leonard Hayflick","List_of_people_from_Pennsylvania"
"Susan Henking","List_of_people_from_Pennsylvania"
"John W. Heston","List_of_people_from_Pennsylvania"
"John Heuser","List_of_people_from_Pennsylvania"
"Andrew Knoll","List_of_people_from_Pennsylvania"
"Philip Morrison","List_of_people_from_Pennsylvania"
"Louis B. Schwartz","List_of_people_from_Pennsylvania"
"David Soll","List_of_people_from_Pennsylvania"
"Bernard Wolfman","List_of_people_from_Pennsylvania"
"John Yoo","List_of_people_from_Pennsylvania"
"James Henry Carpenter","List_of_people_from_Pennsylvania"
"Edgar Cortright","List_of_people_from_Pennsylvania"
"William C. Davis, Jr.","List_of_people_from_Pennsylvania"
"Henry Deringer","List_of_people_from_Pennsylvania"
"Nance Dicciani","List_of_people_from_Pennsylvania"
"J. Presper Eckert","List_of_people_from_Pennsylvania"
"Jesse Fell","List_of_people_from_Pennsylvania"
"Matthias Forney","List_of_people_from_Pennsylvania"
"Benjamin Franklin","List_of_people_from_Pennsylvania"
"Daniel French","List_of_people_from_Pennsylvania"
"Robert Fulton","List_of_people_from_Pennsylvania"
"Frank Hastings Griffin","List_of_people_from_Pennsylvania"
"Mary Hallock-Greenewalt","List_of_people_from_Pennsylvania"
"George H. Heilmeier","List_of_people_from_Pennsylvania"
"John Kanzius","List_of_people_from_Pennsylvania"
"Samuel Kier","List_of_people_from_Pennsylvania"
"Thomas Midgley Jr.","List_of_people_from_Pennsylvania"
"William C. Pfefferle","List_of_people_from_Pennsylvania"
"Alan Pritsker","List_of_people_from_Pennsylvania"
"Henry Miller Shreve","List_of_people_from_Pennsylvania"
"Jacob Snider","List_of_people_from_Pennsylvania"
"Frederick Winslow Taylor","List_of_people_from_Pennsylvania"
"William Hultz Walker","List_of_people_from_Pennsylvania"
"Nathaniel Wyeth","List_of_people_from_Pennsylvania"
"John Aglialoro","List_of_people_from_Pennsylvania"
"Peter Angelos","List_of_people_from_Pennsylvania"
"James Ford Bell","List_of_people_from_Pennsylvania"
"Manoj Bhargava","List_of_people_from_Pennsylvania"
"Steve Bisciotti","List_of_people_from_Pennsylvania"
"Mary Boone","List_of_people_from_Pennsylvania"
"Amar Bose","List_of_people_from_Pennsylvania"
"Norman Braman","List_of_people_from_Pennsylvania"
"Washington Atlee Burpee","List_of_people_from_Pennsylvania"
"Andrew Carnegie","List_of_people_from_Pennsylvania"
"Joan Carter","List_of_people_from_Pennsylvania"
"Kayla Collins","List_of_people_from_Pennsylvania"
"Henry Pomeroy Davison","List_of_people_from_Pennsylvania"
"Mark Donovan","List_of_people_from_Pennsylvania"
"David Edgerton","List_of_people_from_Pennsylvania"
"Mahlon Haines","List_of_people_from_Pennsylvania"
"Milton S. Hershey","List_of_people_from_Pennsylvania"
"Alfred Hunt","List_of_people_from_Pennsylvania"
"Lee Iacocca","List_of_people_from_Pennsylvania"
"Bennett S. LeBow","List_of_people_from_Pennsylvania"
"Larry Lucchino","List_of_people_from_Pennsylvania"
"David Montgomery","List_of_people_from_Pennsylvania"
"Robert Nardelli","List_of_people_from_Pennsylvania"
"Amedeo Obici","List_of_people_from_Pennsylvania"
"Asa Packer","List_of_people_from_Pennsylvania"
"H.B. Reese","List_of_people_from_Pennsylvania"
"Frank Resnik","List_of_people_from_Pennsylvania"
"Brian Roberts","List_of_people_from_Pennsylvania"
"Art Rooney","List_of_people_from_Pennsylvania"
"Art Rooney II","List_of_people_from_Pennsylvania"
"Richard Mellon Scaife","List_of_people_from_Pennsylvania"
"Charles M. Schwab","List_of_people_from_Pennsylvania"
"James Sinegal","List_of_people_from_Pennsylvania"
"Jeffrey Skilling","List_of_people_from_Pennsylvania"
"Jim Stamatis","List_of_people_from_Pennsylvania"
"John Surma","List_of_people_from_Pennsylvania"
"David Tepper","List_of_people_from_Pennsylvania"
"Thomas Usher","List_of_people_from_Pennsylvania"
"Jerry Wolman","List_of_people_from_Pennsylvania"
"Joseph Wharton","List_of_people_from_Pennsylvania"
"Isaiah Vansant Williamson","List_of_people_from_Pennsylvania"
"M. K. Asante","List_of_people_from_Pennsylvania"
"Joe Augustyn","List_of_people_from_Pennsylvania"
"Donald P. Bellisario","List_of_people_from_Pennsylvania"
"Shane Black","List_of_people_from_Pennsylvania"
"Richard Brooks","List_of_people_from_Pennsylvania"
"Chris Columbus","List_of_people_from_Pennsylvania"
"Rusty Cundieff","List_of_people_from_Pennsylvania"
"Lee Daniels","List_of_people_from_Pennsylvania"
"Brian De Palma","List_of_people_from_Pennsylvania"
"Caleb Deschanel","List_of_people_from_Pennsylvania"
"David M. Evans","List_of_people_from_Pennsylvania"
"Peter Farrelly","List_of_people_from_Pennsylvania"
"Jonathan Frakes","List_of_people_from_Pennsylvania"
"Antoine Fuqua","List_of_people_from_Pennsylvania"
"Todd Gallagher","List_of_people_from_Pennsylvania"
"Marshall Herskovitz","List_of_people_from_Pennsylvania"
"Tigre Hill","List_of_people_from_Pennsylvania"
"Tamar Simon Hoffs","List_of_people_from_Pennsylvania"
"Todd Holland","List_of_people_from_Pennsylvania"
"David Hollander","List_of_people_from_Pennsylvania"
"Kevin Hooks","List_of_people_from_Pennsylvania"
"David Howard","List_of_people_from_Pennsylvania"
"Tamara Jenkins","List_of_people_from_Pennsylvania"
"Clark Johnson","List_of_people_from_Pennsylvania"
"Deborah Kaplan","List_of_people_from_Pennsylvania"
"Irvin Kershner","List_of_people_from_Pennsylvania"
"Randal Kleiser","List_of_people_from_Pennsylvania"
"Harold F. Kress","List_of_people_from_Pennsylvania"
"Charles Leavitt","List_of_people_from_Pennsylvania"
"Richard Lester","List_of_people_from_Pennsylvania"
"Herschell Gordon Lewis","List_of_people_from_Pennsylvania"
"Steven Lisberger","List_of_people_from_Pennsylvania"
"Sidney Lumet","List_of_people_from_Pennsylvania"
"Abby Mann","List_of_people_from_Pennsylvania"
"Kathleen Marshall","List_of_people_from_Pennsylvania"
"Elaine May","List_of_people_from_Pennsylvania"
"Melanie Mayron","List_of_people_from_Pennsylvania"
"Adam McKay","List_of_people_from_Pennsylvania"
"Jason Miller","List_of_people_from_Pennsylvania"
"David Mirkin","List_of_people_from_Pennsylvania"
"Clifford Odets","List_of_people_from_Pennsylvania"
"Eric Red","List_of_people_from_Pennsylvania"
"Richard Rossi","List_of_people_from_Pennsylvania"
"Alvin Sargent","List_of_people_from_Pennsylvania"
"Tom Savini","List_of_people_from_Pennsylvania"
"Edwin Sherin","List_of_people_from_Pennsylvania"
"M. Night Shyamalan","List_of_people_from_Pennsylvania"
"Jerry Stahl","List_of_people_from_Pennsylvania"
"Joseph Strick","List_of_people_from_Pennsylvania"
"Andrew Kevin Walker","List_of_people_from_Pennsylvania"
"Paul Wendkos","List_of_people_from_Pennsylvania"
"Sam Wood","List_of_people_from_Pennsylvania"
"Bud Yorkin","List_of_people_from_Pennsylvania"
"Neal Dodson","List_of_people_from_Pennsylvania"
"Christina Aguilera","List_of_people_from_Pennsylvania"
"Josh Balz","List_of_people_from_Pennsylvania"
"Marian Anderson","List_of_people_from_Pennsylvania"
"Mark Andes","List_of_people_from_Pennsylvania"
"Frankie Avalon","List_of_people_from_Pennsylvania"
"Samuel Barber","List_of_people_from_Pennsylvania"
"Franny Beecher","List_of_people_from_Pennsylvania"
"George Benson","List_of_people_from_Pennsylvania"
"Les Brown","List_of_people_from_Pennsylvania"
"Benjamin Burnley","List_of_people_from_Pennsylvania"
"Bilal","List_of_people_from_Pennsylvania"
"Joe Bonsall","List_of_people_from_Pennsylvania"
"Glenn Branca","List_of_people_from_Pennsylvania"
"Solomon Burke","List_of_people_from_Pennsylvania"
"Vanessa Carlton","List_of_people_from_Pennsylvania"
"Sabrina Carpenter","List_of_people_from_Pennsylvania"
"Cassidy","List_of_people_from_Pennsylvania"
"Danny Cedrone","List_of_people_from_Pennsylvania"
"Chubby Checker","List_of_people_from_Pennsylvania"
"Lou Christie","List_of_people_from_Pennsylvania"
"Todd Tamanend Clark","List_of_people_from_Pennsylvania"
"Stanley Clarke","List_of_people_from_Pennsylvania"
"John Coltrane","List_of_people_from_Pennsylvania"
"Perry Como","List_of_people_from_Pennsylvania"
"Joey Covington","List_of_people_from_Pennsylvania"
"Crobot","List_of_people_from_Pennsylvania"
"Jim Croce","List_of_people_from_Pennsylvania"
"Patrick Dahlheimer","List_of_people_from_Pennsylvania"
"Bobby Dall","List_of_people_from_Pennsylvania"
"Lacy J. Dalton","List_of_people_from_Pennsylvania"
"Daya","List_of_people_from_Pennsylvania"
"Jimmy Dorsey","List_of_people_from_Pennsylvania"
"Tommy Dorsey","List_of_people_from_Pennsylvania"
"Jimmy DeGrasso","List_of_people_from_Pennsylvania"
"Esteban","List_of_people_from_Pennsylvania"
"Kevin Eubanks","List_of_people_from_Pennsylvania"
"Jackie Evancho","List_of_people_from_Pennsylvania"
"Eve","List_of_people_from_Pennsylvania"
"Renée Fleming","List_of_people_from_Pennsylvania"
"Stephen Foster","List_of_people_from_Pennsylvania"
"James Moyer Franks","List_of_people_from_Pennsylvania"
"Freeway","List_of_people_from_Pennsylvania"
"James Allen Gähres","List_of_people_from_Pennsylvania"
"Stan Getz","List_of_people_from_Pennsylvania"
"Adam "DJ AM" Goldstein","List_of_people_from_Pennsylvania"
"Chad Gracey","List_of_people_from_Pennsylvania"
"Johnny Grande","List_of_people_from_Pennsylvania"
"Anthony Green","List_of_people_from_Pennsylvania"
"Justin Guarini","List_of_people_from_Pennsylvania"
"Hair Rocket","List_of_people_from_Pennsylvania"
"Lzzy Hale","List_of_people_from_Pennsylvania"
"Daryl Hall","List_of_people_from_Pennsylvania"
"Mary Hallock-Greenewalt","List_of_people_from_Pennsylvania"
"Dan Hartman","List_of_people_from_Pennsylvania"
"Phyllis Hyman","List_of_people_from_Pennsylvania"
"Donnie Iris","List_of_people_from_Pennsylvania"
"Keith Jarrett","List_of_people_from_Pennsylvania"
"DJ Jazzy Jeff","List_of_people_from_Pennsylvania"
"Joan Jett","List_of_people_from_Pennsylvania"
"Allan Jones","List_of_people_from_Pennsylvania"
"Wiz Khalifa","List_of_people_from_Pennsylvania"
"Jason Karaban","List_of_people_from_Pennsylvania"
"Tom Keifer","List_of_people_from_Pennsylvania"
"Chris Kirkpatrick","List_of_people_from_Pennsylvania"
"Richie Kotzen","List_of_people_from_Pennsylvania"
"Ed Kowalczyk","List_of_people_from_Pennsylvania"
"Kurupt","List_of_people_from_Pennsylvania"
"Jeff LaBar","List_of_people_from_Pennsylvania"
"Patti LaBelle","List_of_people_from_Pennsylvania"
"Mario Lanza","List_of_people_from_Pennsylvania"
"Lil Peep","List_of_people_from_Pennsylvania"
"Lil Skies","List_of_people_from_Pennsylvania"
"Lil Uzi Vert","List_of_people_from_Pennsylvania"
"Lisa Lopes","List_of_people_from_Pennsylvania"
"Kellee Maize","List_of_people_from_Pennsylvania"
"Henry Mancini","List_of_people_from_Pennsylvania"
"Fred Mascherino","List_of_people_from_Pennsylvania"
"Al Martino","List_of_people_from_Pennsylvania"
"Pat Martino","List_of_people_from_Pennsylvania"
"Billy May","List_of_people_from_Pennsylvania"
"Dan McKeown","List_of_people_from_Pennsylvania"
"Meek Mill","List_of_people_from_Pennsylvania"
"Mac Miller","List_of_people_from_Pennsylvania"
"Garnet Mimms","List_of_people_from_Pennsylvania"
"Bret Michaels","List_of_people_from_Pennsylvania"
"Mirah","List_of_people_from_Pennsylvania"
"Irene Molloy","List_of_people_from_Pennsylvania"
"Patrick Monahan","List_of_people_from_Pennsylvania"
"Chris Motionless","List_of_people_from_Pennsylvania"
"Musiq Soulchild","List_of_people_from_Pennsylvania"
"Jaco Pastorius","List_of_people_from_Pennsylvania"
"Billy Paul","List_of_people_from_Pennsylvania"
"Teddy Pendergrass","List_of_people_from_Pennsylvania"
"Christina Perri","List_of_people_from_Pennsylvania"
"Pink","List_of_people_from_Pennsylvania"
"Jack Pleis","List_of_people_from_Pennsylvania"
"Questlove","List_of_people_from_Pennsylvania"
"Sun Ra","List_of_people_from_Pennsylvania"
"Trent Reznor","List_of_people_from_Pennsylvania"
"Rikki Rockett","List_of_people_from_Pennsylvania"
"Asher Roth","List_of_people_from_Pennsylvania"
"Todd Rundgren","List_of_people_from_Pennsylvania"
"Bobby Rydell","List_of_people_from_Pennsylvania"
"Ira D. Sankey","List_of_people_from_Pennsylvania"
"Santogold","List_of_people_from_Pennsylvania"
"Schooly D","List_of_people_from_Pennsylvania"
"Jill Scott","List_of_people_from_Pennsylvania"
"Shanice","List_of_people_from_Pennsylvania"
"Beanie Sigel","List_of_people_from_Pennsylvania"
"Langhorne Slim","List_of_people_from_Pennsylvania"
"Will Smith","List_of_people_from_Pennsylvania"
"Leopold Stokowski","List_of_people_from_Pennsylvania"
"Taylor Swift","List_of_people_from_Pennsylvania"
"Tammi Terrell","List_of_people_from_Pennsylvania"
"McCoy Tyner","List_of_people_from_Pennsylvania"
"Bobby Vinton","List_of_people_from_Pennsylvania"
"Chris Vrenna","List_of_people_from_Pennsylvania"
"John Walker","List_of_people_from_Pennsylvania"
"Syreeta Wright","List_of_people_from_Pennsylvania"
"Edward Acheson","List_of_people_from_Pennsylvania"
"Anurag Agrawal","List_of_people_from_Pennsylvania"
"Christian Anfinsen","List_of_people_from_Pennsylvania"
"Alexander Dallas Bache","List_of_people_from_Pennsylvania"
"Albert Barnes","List_of_people_from_Pennsylvania"
"Michael Behe","List_of_people_from_Pennsylvania"
"Elmer Bolton","List_of_people_from_Pennsylvania"
"James Bond","List_of_people_from_Pennsylvania"
"James Booth","List_of_people_from_Pennsylvania"
"Herbert Boyer","List_of_people_from_Pennsylvania"
"Robert Breed","List_of_people_from_Pennsylvania"
"Michael Stuart Brown","List_of_people_from_Pennsylvania"
"Sean M. Carroll","List_of_people_from_Pennsylvania"
"Rachel Carson","List_of_people_from_Pennsylvania"
"Daniel Chamovitz","List_of_people_from_Pennsylvania"
"Britton Chance","List_of_people_from_Pennsylvania"
"Ralph Cicerone","List_of_people_from_Pennsylvania"
"Edward Cope","List_of_people_from_Pennsylvania"
"James F. Crow","List_of_people_from_Pennsylvania"
"George Delahunty","List_of_people_from_Pennsylvania"
"John Dorrance","List_of_people_from_Pennsylvania"
"Alice Evans","List_of_people_from_Pennsylvania"
"John Frazer","List_of_people_from_Pennsylvania"
"Frederick Genth","List_of_people_from_Pennsylvania"
"Frederick Grinnell","List_of_people_from_Pennsylvania"
"Robert Hare","List_of_people_from_Pennsylvania"
"William Harkins","List_of_people_from_Pennsylvania"
"Philip Hench","List_of_people_from_Pennsylvania"
"Berwind Kaufmann","List_of_people_from_Pennsylvania"
"Charles Keeling","List_of_people_from_Pennsylvania"
"John Kopchick","List_of_people_from_Pennsylvania"
"Stephanie Kwolek","List_of_people_from_Pennsylvania"
"Edward Lewis","List_of_people_from_Pennsylvania"
"Stephen Lippard","List_of_people_from_Pennsylvania"
"William Madia","List_of_people_from_Pennsylvania"
"Daniel Mazia","List_of_people_from_Pennsylvania"
"Samuel George Morton","List_of_people_from_Pennsylvania"
"Jack Myers","List_of_people_from_Pennsylvania"
"Charles Overberger","List_of_people_from_Pennsylvania"
"Mary Pennington","List_of_people_from_Pennsylvania"
"George Prendergast","List_of_people_from_Pennsylvania"
"John Quackenbush","List_of_people_from_Pennsylvania"
"David L. Reich","List_of_people_from_Pennsylvania"
"Theodore Richards","List_of_people_from_Pennsylvania"
"Charles Rick","List_of_people_from_Pennsylvania"
"Anita Roberts","List_of_people_from_Pennsylvania"
"James Rogers","List_of_people_from_Pennsylvania"
"William Rogers","List_of_people_from_Pennsylvania"
"Henry Augustus Rowland","List_of_people_from_Pennsylvania"
"Beth Shapiro","List_of_people_from_Pennsylvania"
"Alex Shigo","List_of_people_from_Pennsylvania"
"Lester Shubin","List_of_people_from_Pennsylvania"
"Neil Shubin","List_of_people_from_Pennsylvania"
"Daniel Simberloff","List_of_people_from_Pennsylvania"
"Edgar Smith","List_of_people_from_Pennsylvania"
"Howard Temin","List_of_people_from_Pennsylvania"
"Claude Villee, Jr.","List_of_people_from_Pennsylvania"
"William Walker","List_of_people_from_Pennsylvania"
"Michael Welner","List_of_people_from_Pennsylvania"
"Caspar Wistar","List_of_people_from_Pennsylvania"
"Rake Yohn","List_of_people_from_Pennsylvania"
"Roger Young","List_of_people_from_Pennsylvania"
"Jack Agnew","List_of_people_from_Pennsylvania"
"Claude Allen","List_of_people_from_Pennsylvania"
"Henry "Hap" Arnold","List_of_people_from_Pennsylvania"
"John C. Bell Jr.","List_of_people_from_Pennsylvania"
"Joe Biden","List_of_people_from_Pennsylvania"
"Robert Bork","List_of_people_from_Pennsylvania"
"John Boyd","List_of_people_from_Pennsylvania"
"Martin Grove Brumbaugh","List_of_people_from_Pennsylvania"
"James Buchanan","List_of_people_from_Pennsylvania"
"Smedley Butler","List_of_people_from_Pennsylvania"
"Frank Carlucci","List_of_people_from_Pennsylvania"
"Samuel Carpenter","List_of_people_from_Pennsylvania"
"Ashton Carter","List_of_people_from_Pennsylvania"
"Bob Casey Jr.","List_of_people_from_Pennsylvania"
"Robert P. Casey","List_of_people_from_Pennsylvania"
"Benjamin Chew","List_of_people_from_Pennsylvania"
"Joseph Clancy","List_of_people_from_Pennsylvania"
"Mark B. Cohen","List_of_people_from_Pennsylvania"
"William Coleman","List_of_people_from_Pennsylvania"
"Tom Corbett","List_of_people_from_Pennsylvania"
"George M. Dallas","List_of_people_from_Pennsylvania"
"James J. Davis","List_of_people_from_Pennsylvania"
"James H. Duff","List_of_people_from_Pennsylvania"
"R. Budd Dwyer","List_of_people_from_Pennsylvania"
"George Howard Earle III","List_of_people_from_Pennsylvania"
"Peter Feaver","List_of_people_from_Pennsylvania"
"Bob Filner","List_of_people_from_Pennsylvania"
"John Stuchell Fisher","List_of_people_from_Pennsylvania"
"Benjamin Franklin","List_of_people_from_Pennsylvania"
"Frank Gaffney","List_of_people_from_Pennsylvania"
"Newt Gingrich","List_of_people_from_Pennsylvania"
"Alexander Haig","List_of_people_from_Pennsylvania"
"Winfield Scott Hancock","List_of_people_from_Pennsylvania"
"Orrin Hatch","List_of_people_from_Pennsylvania"
"Michael Hayden","List_of_people_from_Pennsylvania"
"William G. Hundley","List_of_people_from_Pennsylvania"
"Harold L. Ickes","List_of_people_from_Pennsylvania"
"Arthur James","List_of_people_from_Pennsylvania"
"Michael Johns","List_of_people_from_Pennsylvania"
"George Joulwan","List_of_people_from_Pennsylvania"
"John Kasich","List_of_people_from_Pennsylvania"
"Donald Kohn","List_of_people_from_Pennsylvania"
"Alf Landon","List_of_people_from_Pennsylvania"
"Andrew Lewis","List_of_people_from_Pennsylvania"
"Richard Marcinko","List_of_people_from_Pennsylvania"
"George Marshall","List_of_people_from_Pennsylvania"
"Edward Martin","List_of_people_from_Pennsylvania"
"Betsy McCaughey","List_of_people_from_Pennsylvania"
"John J. McCloy","List_of_people_from_Pennsylvania"
"H. R. McMaster","List_of_people_from_Pennsylvania"
"Royal Meeker","List_of_people_from_Pennsylvania"
"Thomas Mifflin","List_of_people_from_Pennsylvania"
"Janet Napolitano","List_of_people_from_Pennsylvania"
"Benjamin Netanyahu","List_of_people_from_Pennsylvania"
"John Olver","List_of_people_from_Pennsylvania"
"Alexander Mitchell Palmer","List_of_people_from_Pennsylvania"
"Rand Paul","List_of_people_from_Pennsylvania"
"Ron Paul","List_of_people_from_Pennsylvania"
"Samuel W. Pennypacker","List_of_people_from_Pennsylvania"
"Robert Reich","List_of_people_from_Pennsylvania"
"Ed Rendell","List_of_people_from_Pennsylvania"
"George S. Rentz","List_of_people_from_Pennsylvania"
"Tom Ridge","List_of_people_from_Pennsylvania"
"Alice Rivlin","List_of_people_from_Pennsylvania"
"John Roll","List_of_people_from_Pennsylvania"
"Dan Rooney","List_of_people_from_Pennsylvania"
"Betsy Ross","List_of_people_from_Pennsylvania"
"Richard Schweiker","List_of_people_from_Pennsylvania"
"Joe Sestak","List_of_people_from_Pennsylvania"
"Raymond P. Shafer","List_of_people_from_Pennsylvania"
"Jeanne Shaheen","List_of_people_from_Pennsylvania"
"Don Sherwood","List_of_people_from_Pennsylvania"
"D. Brooks Smith","List_of_people_from_Pennsylvania"
"Carl Andrew Spaatz","List_of_people_from_Pennsylvania"
"Arlen Specter","List_of_people_from_Pennsylvania"
"William Cameron Sproul","List_of_people_from_Pennsylvania"
"Thaddeus Stevens","List_of_people_from_Pennsylvania"
"William A. Stone","List_of_people_from_Pennsylvania"
"Edwin Sydney Stuart","List_of_people_from_Pennsylvania"
"Lawrence Summers","List_of_people_from_Pennsylvania"
"Charlemagne Tower","List_of_people_from_Pennsylvania"
"Tom Vilsack","List_of_people_from_Pennsylvania"
"Curtin Winsor, Jr.","List_of_people_from_Pennsylvania"
"Richard Winters","List_of_people_from_Pennsylvania"
"Rick Amato","List_of_people_from_Pennsylvania"
"Jodi Applegate","List_of_people_from_Pennsylvania"
"Michael Barkann","List_of_people_from_Pennsylvania"
"Chuck Barris","List_of_people_from_Pennsylvania"
"John Batchelor","List_of_people_from_Pennsylvania"
"Ron Bennington","List_of_people_from_Pennsylvania"
"Jerry Blavat","List_of_people_from_Pennsylvania"
"Neal Boortz","List_of_people_from_Pennsylvania"
"Michael Buffer","List_of_people_from_Pennsylvania"
"Steve Burns","List_of_people_from_Pennsylvania"
"Steve Capus","List_of_people_from_Pennsylvania"
"Todd Christensen","List_of_people_from_Pennsylvania"
"Myron Cope","List_of_people_from_Pennsylvania"
"Regis Cordic","List_of_people_from_Pennsylvania"
"Jim Cramer","List_of_people_from_Pennsylvania"
"Bill Cullen","List_of_people_from_Pennsylvania"
"Sharon Epperson","List_of_people_from_Pennsylvania"
"Howard Eskin","List_of_people_from_Pennsylvania"
"Debra Fox","List_of_people_from_Pennsylvania"
"Pauline Frederick","List_of_people_from_Pennsylvania"
"Alan Freed","List_of_people_from_Pennsylvania"
"Courtney Friel","List_of_people_from_Pennsylvania"
"Louis Glackens","List_of_people_from_Pennsylvania"
"Jon &amp; Kate Gosselin","List_of_people_from_Pennsylvania"
"Andy Gresh","List_of_people_from_Pennsylvania"
"Marc Lamont Hill","List_of_people_from_Pennsylvania"
"Marilyn Horne","List_of_people_from_Pennsylvania"
"Abby Huntsman","List_of_people_from_Pennsylvania"
"Suzy Kolber","List_of_people_from_Pennsylvania"
"Andrea Kremer","List_of_people_from_Pennsylvania"
"Carson Kressley","List_of_people_from_Pennsylvania"
"Mark Levin","List_of_people_from_Pennsylvania"
"Chloe Lukasiak","List_of_people_from_Pennsylvania"
"Joe Lunardi","List_of_people_from_Pennsylvania"
"Meredith Marakovits","List_of_people_from_Pennsylvania"
"Bam Margera","List_of_people_from_Pennsylvania"
"Chris Matthews","List_of_people_from_Pennsylvania"
"Billy Mays","List_of_people_from_Pennsylvania"
"Michael Medved","List_of_people_from_Pennsylvania"
"Abby Lee Miller","List_of_people_from_Pennsylvania"
"Jeanne Moos","List_of_people_from_Pennsylvania"
"Clayton Morris","List_of_people_from_Pennsylvania"
"Charlie O'Donnell","List_of_people_from_Pennsylvania"
"Beth Ostrosky","List_of_people_from_Pennsylvania"
"Jack Posobiec","List_of_people_from_Pennsylvania"
"Fred Rogers","List_of_people_from_Pennsylvania"
"Norman Rose","List_of_people_from_Pennsylvania"
"Ryan Sampson","List_of_people_from_Pennsylvania"
"Ray Scott","List_of_people_from_Pennsylvania"
"Steve Scully","List_of_people_from_Pennsylvania"
"Paul Shannon","List_of_people_from_Pennsylvania"
"Dick Stockton","List_of_people_from_Pennsylvania"
"Andrea Tantaros","List_of_people_from_Pennsylvania"
"Jake Tapper","List_of_people_from_Pennsylvania"
"Jesse Watters","List_of_people_from_Pennsylvania"
"Kristen Welker","List_of_people_from_Pennsylvania"
"Maddie Ziegler","List_of_people_from_Pennsylvania"
"Tony Campolo","List_of_people_from_Pennsylvania"
"Walter Ciszek","List_of_people_from_Pennsylvania"
"Harvey Cox","List_of_people_from_Pennsylvania"
"Prince Demetrius Gallitzin","List_of_people_from_Pennsylvania"
"Washington Gladden","List_of_people_from_Pennsylvania"
"Barry Lynn","List_of_people_from_Pennsylvania"
"David Miscavige","List_of_people_from_Pennsylvania"
"Joseph Murgas","List_of_people_from_Pennsylvania"
"Michael Novak","List_of_people_from_Pennsylvania"
"Charles Taze Russell","List_of_people_from_Pennsylvania"
"Rev. Jeremiah Wright","List_of_people_from_Pennsylvania"
"Russell L. Ackoff","List_of_people_from_Pennsylvania"
"Clayton Alderfer","List_of_people_from_Pennsylvania"
"Gary Becker","List_of_people_from_Pennsylvania"
"Julian Bond","List_of_people_from_Pennsylvania"
"Edwin Boring","List_of_people_from_Pennsylvania"
"Leonard Burman","List_of_people_from_Pennsylvania"
"Paul Cameron","List_of_people_from_Pennsylvania"
"Henry Charles Carey","List_of_people_from_Pennsylvania"
"Leonard Carmichael","List_of_people_from_Pennsylvania"
"James McKeen Cattell","List_of_people_from_Pennsylvania"
"Noam Chomsky","List_of_people_from_Pennsylvania"
"Randolph Cohen","List_of_people_from_Pennsylvania"
"Robert Costanza","List_of_people_from_Pennsylvania"
"Albert Ellis","List_of_people_from_Pennsylvania"
"Joshua Fishman","List_of_people_from_Pennsylvania"
"W. Nelson Francis","List_of_people_from_Pennsylvania"
"Harry Frankfurt","List_of_people_from_Pennsylvania"
"Walter Freeman","List_of_people_from_Pennsylvania"
"Howard Gardner","List_of_people_from_Pennsylvania"
"Henry George","List_of_people_from_Pennsylvania"
"Douglas Holtz-Eakin","List_of_people_from_Pennsylvania"
"Noel Ignatiev","List_of_people_from_Pennsylvania"
"Jane Jacobs","List_of_people_from_Pennsylvania"
"Jacob Kantor","List_of_people_from_Pennsylvania"
"William Keen","List_of_people_from_Pennsylvania"
"Sally Kohn","List_of_people_from_Pennsylvania"
"Donald N. Levine","List_of_people_from_Pennsylvania"
"Edward B. Lewis","List_of_people_from_Pennsylvania"
"John McWhorter","List_of_people_from_Pennsylvania"
"Margaret Mead","List_of_people_from_Pennsylvania"
"Robert K. Merton","List_of_people_from_Pennsylvania"
"Albert Jay Nock","List_of_people_from_Pennsylvania"
"Hilary Putnam","List_of_people_from_Pennsylvania"
"Robert Reich","List_of_people_from_Pennsylvania"
"David Riesman","List_of_people_from_Pennsylvania"
"Clinton Rossiter","List_of_people_from_Pennsylvania"
"Michael Rubin","List_of_people_from_Pennsylvania"
"B. F. Skinner","List_of_people_from_Pennsylvania"
"Jude Wanniski","List_of_people_from_Pennsylvania"
"Walter Williams","List_of_people_from_Pennsylvania"
"Alan Wolfe","List_of_people_from_Pennsylvania"
"Michael Yates","List_of_people_from_Pennsylvania"
"Robert Yerkes","List_of_people_from_Pennsylvania"
"List of people from Erie, Pennsylvania","List_of_people_from_Pennsylvania"
"List of people from Lancaster County, Pennsylvania","List_of_people_from_Pennsylvania"
"List of people from Philadelphia","List_of_people_from_Pennsylvania"
"List of people from the Pittsburgh metropolitan area","List_of_people_from_Pennsylvania"
"List of people from York, Pennsylvania","List_of_people_from_Pennsylvania"
"Index","List_of_people_from_Pennsylvania"
"Delegations","List_of_people_from_Pennsylvania"
"Government","List_of_people_from_Pennsylvania"
"History","List_of_people_from_Pennsylvania"
"Geography","List_of_people_from_Pennsylvania"
"Geology","List_of_people_from_Pennsylvania"
"Law","List_of_people_from_Pennsylvania"
"State parks","List_of_people_from_Pennsylvania"
"Symbols","List_of_people_from_Pennsylvania"
"Tourist attractions","List_of_people_from_Pennsylvania"
"Agriculture","List_of_people_from_Pennsylvania"
"Culture","List_of_people_from_Pennsylvania"
"Crime","List_of_people_from_Pennsylvania"
"Demographics","List_of_people_from_Pennsylvania"
"Economy","List_of_people_from_Pennsylvania"
"Education","List_of_people_from_Pennsylvania"
"Gambling","List_of_people_from_Pennsylvania"
"Politics","List_of_people_from_Pennsylvania"
"Sports","List_of_people_from_Pennsylvania"
"Altoona","List_of_people_from_Pennsylvania"
"Baltimore-Washington","List_of_people_from_Pennsylvania"
"Erie","List_of_people_from_Pennsylvania"
"Harrisburg–Carlisle","List_of_people_from_Pennsylvania"
"Johnstown","List_of_people_from_Pennsylvania"
"Lancaster","List_of_people_from_Pennsylvania"
"Lebanon","List_of_people_from_Pennsylvania"
"Lehigh Valley","List_of_people_from_Pennsylvania"
"New York","List_of_people_from_Pennsylvania"
"Philadelphia","List_of_people_from_Pennsylvania"
"Pittsburgh","List_of_people_from_Pennsylvania"
"Reading","List_of_people_from_Pennsylvania"
"Scranton‑Wilkes-Barre","List_of_people_from_Pennsylvania"
"State College","List_of_people_from_Pennsylvania"
"Williamsport","List_of_people_from_Pennsylvania"
"York","List_of_people_from_Pennsylvania"
"Allentown","List_of_people_from_Pennsylvania"
"Altoona","List_of_people_from_Pennsylvania"
"Bethlehem","List_of_people_from_Pennsylvania"
"Butler","List_of_people_from_Pennsylvania"
"Chester","List_of_people_from_Pennsylvania"
"DuBois","List_of_people_from_Pennsylvania"
"Easton","List_of_people_from_Pennsylvania"
"Erie","List_of_people_from_Pennsylvania"
"Greensburg","List_of_people_from_Pennsylvania"
"Harrisburg","List_of_people_from_Pennsylvania"
"Hazleton","List_of_people_from_Pennsylvania"
"Johnstown","List_of_people_from_Pennsylvania"
"Lancaster","List_of_people_from_Pennsylvania"
"Lebanon","List_of_people_from_Pennsylvania"
"McKeesport","List_of_people_from_Pennsylvania"
"New Castle","List_of_people_from_Pennsylvania"
"Philadelphia","List_of_people_from_Pennsylvania"
"Pittsburgh","List_of_people_from_Pennsylvania"
"Pottsville","List_of_people_from_Pennsylvania"
"Reading","List_of_people_from_Pennsylvania"
"Scranton","List_of_people_from_Pennsylvania"
"Sunbury","List_of_people_from_Pennsylvania"
"Wilkes-Barre","List_of_people_from_Pennsylvania"
"Williamsport","List_of_people_from_Pennsylvania"
"York","List_of_people_from_Pennsylvania"
"Abington","List_of_people_from_Pennsylvania"
"Bensalem","List_of_people_from_Pennsylvania"
"Bethel Park","List_of_people_from_Pennsylvania"
"Bristol","List_of_people_from_Pennsylvania"
"Cheltenham","List_of_people_from_Pennsylvania"
"Cranberry","List_of_people_from_Pennsylvania"
"Darby","List_of_people_from_Pennsylvania"
"Falls","List_of_people_from_Pennsylvania"
"Hampden","List_of_people_from_Pennsylvania"
"Haverford","List_of_people_from_Pennsylvania"
"Hempfield","List_of_people_from_Pennsylvania"
"Lower Macungie","List_of_people_from_Pennsylvania"
"Lower Makefield","List_of_people_from_Pennsylvania"
"Lower Merion","List_of_people_from_Pennsylvania"
"Lower Paxton","List_of_people_from_Pennsylvania"
"Manheim","List_of_people_from_Pennsylvania"
"McCandless","List_of_people_from_Pennsylvania"
"Middletown","List_of_people_from_Pennsylvania"
"Millcreek Township","List_of_people_from_Pennsylvania"
"Monroeville","List_of_people_from_Pennsylvania"
"Mount Lebanon","List_of_people_from_Pennsylvania"
"Norristown","List_of_people_from_Pennsylvania"
"Northampton","List_of_people_from_Pennsylvania"
"North Huntingdon","List_of_people_from_Pennsylvania"
"Penn Hills","List_of_people_from_Pennsylvania"
"Radnor","List_of_people_from_Pennsylvania"
"Ridley","List_of_people_from_Pennsylvania"
"Ross","List_of_people_from_Pennsylvania"
"Shaler","List_of_people_from_Pennsylvania"
"Spring","List_of_people_from_Pennsylvania"
"State College","List_of_people_from_Pennsylvania"
"Tredyffrin","List_of_people_from_Pennsylvania"
"Upper Darby","List_of_people_from_Pennsylvania"
"Upper Merion","List_of_people_from_Pennsylvania"
"Warminster","List_of_people_from_Pennsylvania"
"West Chester","List_of_people_from_Pennsylvania"
"Whitehall","List_of_people_from_Pennsylvania"
"York Township","List_of_people_from_Pennsylvania"
"Allegheny Mountains","List_of_people_from_Pennsylvania"
"Allegheny National Forest","List_of_people_from_Pennsylvania"
"Allegheny Plateau","List_of_people_from_Pennsylvania"
"Atlantic Coastal Plain","List_of_people_from_Pennsylvania"
"Bald Eagle Valley","List_of_people_from_Pennsylvania"
"Blue Ridge","List_of_people_from_Pennsylvania"
"Coal Region","List_of_people_from_Pennsylvania"
"Cumberland Valley","List_of_people_from_Pennsylvania"
"Delaware Valley","List_of_people_from_Pennsylvania"
"Dutch Country","List_of_people_from_Pennsylvania"
"Eastern","List_of_people_from_Pennsylvania"
"Endless Mountains","List_of_people_from_Pennsylvania"
"Great Valley","List_of_people_from_Pennsylvania"
"Mahoning Valley","List_of_people_from_Pennsylvania"
"Happy Valley","List_of_people_from_Pennsylvania"
"Laurel Highlands","List_of_people_from_Pennsylvania"
"Lehigh Valley","List_of_people_from_Pennsylvania"
"Main Line","List_of_people_from_Pennsylvania"
"Moshannon Valley","List_of_people_from_Pennsylvania"
"Nittany Valley","List_of_people_from_Pennsylvania"
"Northeastern","List_of_people_from_Pennsylvania"
"Northern Tier","List_of_people_from_Pennsylvania"
"Northwestern","List_of_people_from_Pennsylvania"
"North Central","List_of_people_from_Pennsylvania"
"North Penn Valley","List_of_people_from_Pennsylvania"
"Ohio Valley","List_of_people_from_Pennsylvania"
"Oil Region","List_of_people_from_Pennsylvania"
"Oley Valley","List_of_people_from_Pennsylvania"
"Pennsylvania Highlands","List_of_people_from_Pennsylvania"
"Penns Valley","List_of_people_from_Pennsylvania"
"Philicon Valley","List_of_people_from_Pennsylvania"
"Piedmont","List_of_people_from_Pennsylvania"
"Pocono Mountains","List_of_people_from_Pennsylvania"
"Ridge and Valley","List_of_people_from_Pennsylvania"
"Saucon Valley","List_of_people_from_Pennsylvania"
"South Central","List_of_people_from_Pennsylvania"
"Southeastern","List_of_people_from_Pennsylvania"
"Southern","List_of_people_from_Pennsylvania"
"Southwestern","List_of_people_from_Pennsylvania"
"Susquehanna Valley","List_of_people_from_Pennsylvania"
"Western","List_of_people_from_Pennsylvania"
"Wyoming Valley","List_of_people_from_Pennsylvania"
"Adams","List_of_people_from_Pennsylvania"
"Allegheny","List_of_people_from_Pennsylvania"
"Armstrong","List_of_people_from_Pennsylvania"
"Beaver","List_of_people_from_Pennsylvania"
"Bedford","List_of_people_from_Pennsylvania"
"Berks","List_of_people_from_Pennsylvania"
"Blair","List_of_people_from_Pennsylvania"
"Bradford","List_of_people_from_Pennsylvania"
"Bucks","List_of_people_from_Pennsylvania"
"Butler","List_of_people_from_Pennsylvania"
"Cambria","List_of_people_from_Pennsylvania"
"Cameron","List_of_people_from_Pennsylvania"
"Carbon","List_of_people_from_Pennsylvania"
"Centre","List_of_people_from_Pennsylvania"
"Chester","List_of_people_from_Pennsylvania"
"Clarion","List_of_people_from_Pennsylvania"
"Clearfield","List_of_people_from_Pennsylvania"
"Clinton","List_of_people_from_Pennsylvania"
"Columbia","List_of_people_from_Pennsylvania"
"Crawford","List_of_people_from_Pennsylvania"
"Cumberland","List_of_people_from_Pennsylvania"
"Dauphin","List_of_people_from_Pennsylvania"
"Delaware","List_of_people_from_Pennsylvania"
"Elk","List_of_people_from_Pennsylvania"
"Erie","List_of_people_from_Pennsylvania"
"Fayette","List_of_people_from_Pennsylvania"
"Forest","List_of_people_from_Pennsylvania"
"Franklin","List_of_people_from_Pennsylvania"
"Fulton","List_of_people_from_Pennsylvania"
"Greene","List_of_people_from_Pennsylvania"
"Huntingdon","List_of_people_from_Pennsylvania"
"Indiana","List_of_people_from_Pennsylvania"
"Jefferson","List_of_people_from_Pennsylvania"
"Juniata","List_of_people_from_Pennsylvania"
"Lackawanna","List_of_people_from_Pennsylvania"
"Lancaster","List_of_people_from_Pennsylvania"
"Lawrence","List_of_people_from_Pennsylvania"
"Lebanon","List_of_people_from_Pennsylvania"
"Lehigh","List_of_people_from_Pennsylvania"
"Luzerne","List_of_people_from_Pennsylvania"
"Lycoming","List_of_people_from_Pennsylvania"
"McKean","List_of_people_from_Pennsylvania"
"Mercer","List_of_people_from_Pennsylvania"
"Mifflin","List_of_people_from_Pennsylvania"
"Monroe","List_of_people_from_Pennsylvania"
"Montgomery","List_of_people_from_Pennsylvania"
"Montour","List_of_people_from_Pennsylvania"
"Northampton","List_of_people_from_Pennsylvania"
"Northumberland","List_of_people_from_Pennsylvania"
"Perry","List_of_people_from_Pennsylvania"
"Philadelphia","List_of_people_from_Pennsylvania"
"Pike","List_of_people_from_Pennsylvania"
"Potter","List_of_people_from_Pennsylvania"
"Schuylkill","List_of_people_from_Pennsylvania"
"Snyder","List_of_people_from_Pennsylvania"
"Somerset","List_of_people_from_Pennsylvania"
"Sullivan","List_of_people_from_Pennsylvania"
"Susquehanna","List_of_people_from_Pennsylvania"
"Tioga","List_of_people_from_Pennsylvania"
"Union","List_of_people_from_Pennsylvania"
"Venango","List_of_people_from_Pennsylvania"
"Warren","List_of_people_from_Pennsylvania"
"Washington","List_of_people_from_Pennsylvania"
"Wayne","List_of_people_from_Pennsylvania"
"Westmoreland","List_of_people_from_Pennsylvania"
"Wyoming","List_of_people_from_Pennsylvania"
"York","List_of_people_from_Pennsylvania"
"Alabama","List_of_people_from_Pennsylvania"
"Alaska","List_of_people_from_Pennsylvania"
"Arizona","List_of_people_from_Pennsylvania"
"Arkansas","List_of_people_from_Pennsylvania"
"California","List_of_people_from_Pennsylvania"
"Colorado","List_of_people_from_Pennsylvania"
"Connecticut","List_of_people_from_Pennsylvania"
"Delaware","List_of_people_from_Pennsylvania"
"Florida","List_of_people_from_Pennsylvania"
"Georgia","List_of_people_from_Pennsylvania"
"Hawaii","List_of_people_from_Pennsylvania"
"Idaho","List_of_people_from_Pennsylvania"
"Illinois","List_of_people_from_Pennsylvania"
"Indiana","List_of_people_from_Pennsylvania"
"Iowa","List_of_people_from_Pennsylvania"
"Kansas","List_of_people_from_Pennsylvania"
"Kentucky","List_of_people_from_Pennsylvania"
"Louisiana","List_of_people_from_Pennsylvania"
"Maine","List_of_people_from_Pennsylvania"
"Maryland","List_of_people_from_Pennsylvania"
"Massachusetts","List_of_people_from_Pennsylvania"
"Michigan","List_of_people_from_Pennsylvania"
"Minnesota","List_of_people_from_Pennsylvania"
"Mississippi","List_of_people_from_Pennsylvania"
"Missouri","List_of_people_from_Pennsylvania"
"Montana","List_of_people_from_Pennsylvania"
"Nebraska","List_of_people_from_Pennsylvania"
"Nevada","List_of_people_from_Pennsylvania"
"New Hampshire","List_of_people_from_Pennsylvania"
"New Jersey","List_of_people_from_Pennsylvania"
"New Mexico","List_of_people_from_Pennsylvania"
"New York","List_of_people_from_Pennsylvania"
"North Carolina","List_of_people_from_Pennsylvania"
"North Dakota","List_of_people_from_Pennsylvania"
"Ohio","List_of_people_from_Pennsylvania"
"Oklahoma","List_of_people_from_Pennsylvania"
"Oregon","List_of_people_from_Pennsylvania"
"Rhode Island","List_of_people_from_Pennsylvania"
"South Carolina","List_of_people_from_Pennsylvania"
"South Dakota","List_of_people_from_Pennsylvania"
"Tennessee","List_of_people_from_Pennsylvania"
"Texas","List_of_people_from_Pennsylvania"
"Utah","List_of_people_from_Pennsylvania"
"Vermont","List_of_people_from_Pennsylvania"
"Virginia","List_of_people_from_Pennsylvania"
"Washington","List_of_people_from_Pennsylvania"
"West Virginia","List_of_people_from_Pennsylvania"
"Wisconsin","List_of_people_from_Pennsylvania"
"Wyoming","List_of_people_from_Pennsylvania"
"American Samoa","List_of_people_from_Pennsylvania"
"Guam","List_of_people_from_Pennsylvania"
"Northern Mariana Islands","List_of_people_from_Pennsylvania"
"Puerto Rico ","List_of_people_from_Pennsylvania"
"U.S. Virgin Islands","List_of_people_from_Pennsylvania"
"Lists of people from Pennsylvania","List_of_people_from_Pennsylvania"
